ingredient,Water,Energy,Protein,Total lipid (fat),Ash,"Carbohydrate, by difference","Fiber, total dietary",Starch (CHO,"Calcium, Ca","Iron, Fe","Magnesium, Mg","Phosphorus, P","Potassium, K","Sodium, Na","Zinc, Zn","Copper, Cu",Iodine,"Selenium, Se",Thiamin,Riboflavin,Niacin,Pantothenic acid,Vitamin B-6,"Folate, total","Choline, total",Vitamin B-12,"Vitamin A, IU",Vitamin E (alpha-tocopherol),"Vitamin D (D2 + D3), International Units",PUFA 18:2,PUFA 18:3,PUFA 20:5 n-3 (EPA),PUFA 22:6 n-3 (DHA),Tryptophan,Threonine,Isoleucine,Leucine,Lysine,Methionine,Cystine,Phenylalanine,Tyrosine,Valine,Arginine,,,,,,Water,Energy,Protein,Total lipid (fat),Ash,CHO ,"Fiber, total dietary","Calcium, Ca","Iron, Fe","Magnesium, Mg","Phosphorus, P","Potassium, K","Sodium, Na","Zinc, Zn","Copper, Cu",Iodine,"Selenium, Se, ug",Thiamin,Riboflavin,Niacin,Pantothenic acid,Vitamin B-6,"Folate, total, ug","Choline, total","Vitamin B-12, ug","Vitamin A, IU",Vitamin E (alpha-tocopherol),"Vitamin D (D2 + D3), International Units",PUFA 18:2,PUFA 18:3,PUFA 20:5 n-3 (EPA),PUFA 22:6 n-3 (DHA),Tryptophan,Threonine,Isoleucine,Leucine,Lysine,Methionine,Cystine,Phenylalanine,Tyrosine,Valine,Arginine,group
Unnamed: 1,,,,,,,,,,,,,,,,,,,,,,,,,,,,,,,,,,,,,,,,,,,,,,,,,,g,kcal,g,g,g,g,g,mg,mg,mg,mg,mg,mg,mg,mg,mg,mg,mg,mg,mg,mg,mg,mg,mg,mg,IU,mg,IU,g,g,g,g,g,g,g,g,g,g,g,g,g,g,g,Meat
Oyster canned,85.1,68,7.06,2.47,1.42,3.91,0,3.91,45,6.7,54,139,229,112,91,4.46,0.45,35.8,0.15,0.166,1.24,0.18,0.095,9,81,19.1,300,0.85,1,0.049,0.037,0.211,0.228,0.079,0.304,0.307,0.497,0.528,0.159,0.093,0.253,0.226,0.308,0.515,,,,group A,Oyster Canned ,85.1,456.3758389261743,47.38255033557045,16.577181208053688,9.530201342281876,26.241610738255023,0,302.01342281879187,44.96644295302012,362.4161073825502,932.8859060402682,1536.9127516778517,751.677852348993,610.7382550335568,29.93288590604026,3.0201342281879184,0.2402684563758388,1.0067114093959728,1.1140939597315431,8.32214765100671,1.2080536912751672,0.6375838926174494,0.06040268456375837,543.6241610738252,0.12818791946308722,2013.4228187919455,5.704697986577179,6.711409395973152,0.3288590604026845,0.2483221476510066,1.416107382550335,1.5302013422818788,0.530201342281879,2.040268456375838,2.0604026845637575,3.3355704697986566,3.5436241610738244,1.0671140939597312,0.6241610738255031,1.6979865771812073,1.5167785234899323,2.067114093959731,3.4563758389261734,Meat
"Beef, 97%",74.8,121,22,3,1.07,0,0,0,8,2.44,22,203,357,66,5.21,0.08,0,17.7,0.041,0.151,5.66,0.673,0.401,4,72.8,2.26,14,0.17,3,0.154,0.032,0,0,0.112,0.851,0.972,1.72,1.82,0.566,0.226,0.858,0.677,1.08,1.43,,,,Group A,"Beef, 97",74.8,480.1587301587301,87.30158730158729,11.904761904761903,4.246031746031745,0,0,31.746031746031743,9.682539682539682,87.30158730158729,805.5555555555555,1416.6666666666665,261.90476190476187,20.674603174603174,0.31746031746031744,0,0.07023809523809522,0.1626984126984127,0.5992063492063491,22.46031746031746,2.6706349206349205,1.5912698412698414,0.015873015873015872,288.88888888888886,0.008968253968253967,55.55555555555555,0.6746031746031745,11.904761904761903,0.611111111111111,0.12698412698412695,0,0,0.4444444444444444,3.376984126984126,3.8571428571428568,6.825396825396825,7.222222222222221,2.2460317460317456,0.8968253968253967,3.404761904761904,2.6865079365079363,4.285714285714286,5.674603174603174,Meat
"Beef, 90%",69.4,176,20,10,0.98,0,0,0,12,2.24,20,184,321,66,4.79,0.072,0,16.6,0.042,0.151,5.07,0.601,0.369,6,66.1,2.21,14,0.17,3,0.263,0.046,0,0,0.102,0.775,0.885,1.56,1.66,0.515,0.206,0.781,0.616,0.983,1.3,,,,Group B,"Beef, 90",69.4,575.1633986928106,65.35947712418302,32.67973856209151,3.202614379084968,0,0,39.21568627450981,7.320261437908498,65.35947712418302,601.3071895424838,1049.0196078431375,215.68627450980395,15.653594771241833,0.23529411764705885,0,0.05424836601307192,0.13725490196078433,0.4934640522875818,16.568627450980397,1.9640522875816995,1.2058823529411766,0.0196078431372549,216.01307189542487,0.007222222222222224,45.75163398692811,0.5555555555555557,9.803921568627452,0.8594771241830067,0.15032679738562094,0,0,0.33333333333333337,2.5326797385620923,2.8921568627450984,5.098039215686276,5.424836601307191,1.6830065359477127,0.673202614379085,2.552287581699347,2.013071895424837,3.2124183006535953,4.248366013071896,Meat
Beef 80%,61.9,254,17.2,20,0.84,0,0,0,18,1.94,17,158,270,66,4.18,0.061,0,15,0.043,0.151,4.23,0.498,0.323,7,56.4,2.14,14,0.17,3,0.42,0.065,0,0,0.087,0.665,0.759,1.34,1.42,0.442,0.177,0.67,0.528,0.844,1.12,,,,Group B,Beef 80,61.9,666.6666666666666,45.14435695538057,52.493438320209975,2.204724409448819,0,0,47.24409448818898,5.091863517060367,44.61942257217847,414.69816272965875,708.6614173228346,173.22834645669292,10.971128608923882,0.1601049868766404,0,0.03937007874015747,0.11286089238845144,0.3963254593175852,11.10236220472441,1.3070866141732282,0.847769028871391,0.01837270341207349,148.03149606299212,0.005616797900262468,36.74540682414698,0.4461942257217848,7.874015748031496,1.1023622047244095,0.17060367454068243,0,0,0.22834645669291337,1.7454068241469816,1.9921259842519685,3.5170603674540684,3.727034120734908,1.1601049868766404,0.4645669291338582,1.7585301837270342,1.3858267716535433,2.215223097112861,2.939632545931759,Meat
"sardine with bones, canned",59.6,208,24.6,11.4,3.38,0,0,0,382,2.92,39,490,397,307,1.31,0.186,0,52.7,0.08,0.227,5.24,0.642,0.167,10,75,8.94,108,2.04,193,3.54,0.498,0.473,0.509,0.276,1.08,1.13,2,2.26,0.729,0.264,0.961,0.831,1.27,1.47,,,,Group C,"sardine with bones, canned",59.6,514.8514851485148,60.891089108910904,28.21782178217822,8.366336633663368,0,0,945.5445544554456,7.227722772277227,96.53465346534654,1212.871287128713,982.6732673267328,759.90099009901,3.242574257425743,0.46039603960396036,0,0.13044554455445545,0.19801980198019803,0.5618811881188119,12.970297029702971,1.5891089108910892,0.4133663366336634,0.024752475247524754,185.64356435643566,0.022128712871287128,267.3267326732673,5.0495049504950495,477.72277227722776,8.762376237623764,1.2326732673267327,1.1707920792079207,1.25990099009901,0.6831683168316832,2.6732673267326734,2.797029702970297,4.9504950495049505,5.594059405940594,1.8044554455445543,0.6534653465346535,2.378712871287129,2.056930693069307,3.1435643564356437,3.6386138613861383,Meat
salmon raw pink ,75.5,127,20.5,4.4,1.52,0,0,0,7,0.38,27,261,366,75,0.39,0.063,0,31.4,0.08,0.105,8,1.03,0.611,4,94.6,4.15,117,0.4,435,0.081,0.047,0.182,0.333,0.221,1.07,0.954,1.56,1.76,0.577,0.159,0.845,0.742,1.1,1.29,,,,Group A,salmon raw pink ,75.5,518.3673469387755,83.6734693877551,17.95918367346939,6.204081632653061,0,0,28.57142857142857,1.5510204081632653,110.20408163265304,1065.3061224489797,1493.8775510204082,306.1224489795918,1.5918367346938775,0.2571428571428571,0,0.12816326530612243,0.326530612244898,0.4285714285714286,32.6530612244898,4.204081632653062,2.493877551020408,0.0163265306122449,386.1224489795918,0.01693877551020408,477.5510204081633,1.6326530612244898,1775.5102040816325,0.3306122448979592,0.19183673469387755,0.7428571428571429,1.3591836734693878,0.9020408163265307,4.36734693877551,3.8938775510204082,6.36734693877551,7.183673469387755,2.3551020408163263,0.6489795918367347,3.4489795918367343,3.0285714285714285,4.4897959183673475,5.26530612244898,Meat
"Talipia, fish",78.1,96,20.1,1.7,0.93,0,0,0,10,0.56,27,170,302,52,0.33,0.075,0,42,0.08,0.105,8,1.03,0.611,4,94.6,4.15,117,0.4,124,0.158,0.033,0.005,0.086,0.221,1.07,0.954,1.56,1.76,0.577,0.159,0.845,0.742,1.1,1.29,,,,Group A,"Talipia, fish",78.1,438.3561643835615,91.7808219178082,7.762557077625569,4.246575342465753,0,0,45.66210045662099,2.5570776255707757,123.28767123287668,776.2557077625569,1378.995433789954,237.44292237442917,1.506849315068493,0.3424657534246574,0,0.19178082191780818,0.36529680365296796,0.4794520547945204,36.5296803652968,4.703196347031962,2.789954337899543,0.018264840182648397,431.96347031963455,0.018949771689497713,534.2465753424656,1.8264840182648396,566.2100456621002,0.7214611872146117,0.15068493150684928,0.022831050228310498,0.3926940639269405,1.0091324200913239,4.885844748858446,4.356164383561643,7.123287671232875,8.036529680365295,2.634703196347031,0.7260273972602738,3.8584474885844737,3.388127853881277,5.02283105022831,5.890410958904108,Meat
turkey breast only,74.9,114,23.7,1.48,1.04,0.14,0,0.14,11,0.73,28,201,242,113,1.28,0.07,0,22.7,0.042,0.145,9.92,0.775,0.813,7,61.3,0.63,20,0.06,5,0.2,0.009,0,0.003,0.252,0.859,0.678,1.64,1.95,0.619,0.223,0.763,0.703,0.756,1.34,,,,Group A,turkey breast only,74.9,454.18326693227107,94.42231075697212,5.896414342629484,4.143426294820718,0.557768924302789,0,43.824701195219134,2.908366533864543,111.5537848605578,800.7968127490042,964.143426294821,450.1992031872511,5.0996015936255,0.2788844621513945,0,0.09043824701195222,0.1673306772908367,0.5776892430278885,39.52191235059762,3.087649402390439,3.239043824701196,0.02788844621513945,244.22310756972115,0.002509960159362551,79.68127490039842,0.23904382470119526,19.920318725099605,0.7968127490039842,0.03585657370517929,0,0.011952191235059764,1.0039840637450201,3.422310756972112,2.7011952191235067,6.533864541832671,7.768924302788846,2.466135458167331,0.8884462151394424,3.0398406374501996,2.8007968127490046,3.0119521912350606,5.338645418326695,Meat
duck breast only,75.5,123,19.8,4.25,1.33,0,0,0,3,4.51,22,186,268,57,0.74,0.33,0,13.9,0.416,0.31,3.44,0.77,0.63,25,0,0.76,53,0,0,0.51,0.07,0,0,0.276,0.848,1.02,1.68,1.7,0.537,0.305,0.832,0.756,1.04,1.27,,,,Group A,duck breast only,75.5,502.0408163265306,80.81632653061224,17.346938775510203,5.428571428571429,0,0,12.244897959183673,18.408163265306122,89.79591836734694,759.1836734693878,1093.8775510204082,232.6530612244898,3.0204081632653064,1.346938775510204,0,0.05673469387755102,1.6979591836734693,1.2653061224489794,14.040816326530612,3.1428571428571432,2.571428571428571,0.10204081632653061,0,0.0031020408163265306,216.3265306122449,0,0,2.0816326530612246,0.28571428571428575,0,0,1.1265306122448981,3.461224489795918,4.163265306122449,6.857142857142858,6.938775510204081,2.1918367346938776,1.2448979591836735,3.3959183673469386,3.085714285714286,4.244897959183674,5.183673469387755,Meat
beef heart,77.1,112,17.7,3.94,1.1,0.14,0,0.14,7,4.31,21,212,287,98,1.7,0.396,0,21.8,0.238,0.906,7.53,1.79,0.279,3,0,8.55,0,0.22,0,0.395,0.016,0,0,0,0,0,0,0,0,0,0,0,0,0,,,Organ meat,,beef heart,77.1,489.0829694323143,77.29257641921396,17.205240174672483,4.803493449781659,0.6113537117903929,0,30.567685589519645,18.82096069868995,91.70305676855894,925.7641921397377,1253.2751091703053,427.947598253275,7.423580786026199,1.729257641921397,0,0.09519650655021832,1.0393013100436677,3.956331877729257,32.882096069868986,7.81659388646288,1.2183406113537116,0.013100436681222705,0,0.03733624454148471,0,0.9606986899563316,0,1.7248908296943228,0.06986899563318776,0,0,0,0,0,0,0,0,0,0,0,0,0,Meat
whitefish raw,72.8,134,19.1,5.86,1.12,0,0,0,26,0.37,33,270,317,51,0.99,0.072,0,12.6,0.14,0.12,3,0.75,0.3,15,65,1,120,0.2,478,0.272,0.183,0.317,0.941,0.214,0.837,0.88,1.55,1.75,0.565,0.205,0.745,0.644,0.983,1.14,,,,Group C,whitefish raw,72.8,492.64705882352933,70.22058823529412,21.544117647058822,4.117647058823529,0,0,95.58823529411764,1.3602941176470587,121.3235294117647,992.6470588235294,1165.441176470588,187.49999999999997,3.6397058823529407,0.2647058823529411,0,0.0463235294117647,0.5147058823529411,0.4411764705882352,11.02941176470588,2.75735294117647,1.102941176470588,0.0551470588235294,238.97058823529412,0.0036764705882352936,441.17647058823525,0.7352941176470588,1757.3529411764703,1,0.6727941176470588,1.165441176470588,3.4595588235294112,0.7867647058823528,3.0772058823529407,3.2352941176470584,5.698529411764706,6.4338235294117645,2.0772058823529407,0.7536764705882352,2.738970588235294,2.367647058823529,3.6139705882352935,4.191176470588235,Meat
deer ground meat,71.2,157,21.8,7.13,0.88,0,0,0,11,2.92,21,201,330,75,4.2,0.14,0,10,0.547,0.287,5.7,0.69,0.464,4,87.9,1.87,0,0.45,0,0.225,0.104,0,0,0.192,0.818,0.929,1.64,1.76,0.505,0.202,0.818,0.676,1.05,1.29,,,,Group C,deer ground meat,71.2,545.1388888888889,75.69444444444446,24.756944444444446,3.055555555555556,0,0,38.19444444444445,10.13888888888889,72.91666666666667,697.9166666666667,1145.8333333333335,260.4166666666667,14.583333333333334,0.4861111111111112,0,0.03472222222222223,1.8993055555555558,0.9965277777777778,19.791666666666668,2.3958333333333335,1.6111111111111114,0.01388888888888889,305.20833333333337,0.006493055555555557,0,1.5625000000000004,0,0.7812500000000002,0.36111111111111116,0,0,0.6666666666666667,2.840277777777778,3.225694444444445,5.694444444444445,6.111111111111112,1.7534722222222223,0.701388888888889,2.840277777777778,2.3472222222222228,3.6458333333333335,4.479166666666668,Meat
quial meat with skin ,69.6,192,19.6,12,0.9,0,0,0,13,3.97,23,275,216,53,2.42,0.507,0,16.6,0.244,0.26,7.54,0.772,0.6,8,0,0.43,243,0,0,2.3,0.42,0.01,0,0.288,0.945,1.01,1.61,1.64,0.591,0.34,0.826,0.849,1.03,1.28,,,,Growp B,quial meat with skin ,69.6,631.5789473684209,64.4736842105263,39.47368421052631,2.960526315789473,0,0,42.763157894736835,13.059210526315788,75.6578947368421,904.6052631578946,710.5263157894735,174.34210526315786,7.960526315789472,1.6677631578947365,0,0.05460526315789473,0.8026315789473681,0.8552631578947367,24.802631578947366,2.5394736842105257,1.9736842105263153,0.026315789473684206,0,0.0014144736842105262,799.3421052631578,0,0,7.565789473684209,1.3815789473684206,0.032894736842105254,0,0.9473684210526313,3.1085526315789465,3.322368421052631,5.296052631578947,5.394736842105262,1.9440789473684206,1.1184210526315788,2.717105263157894,2.7927631578947363,3.3881578947368416,4.210526315789473,Meat
quial meat only,70,134,21.8,4.53,1.32,0,0,0,13,4.51,25,307,237,51,2.7,0.594,0,17.4,0.283,0.285,8.2,0.787,0.53,7,0,0.47,57,0,0,0.93,0.02,0.01,0,0.341,1.09,1.19,1.87,1.9,0.689,0.38,0.944,1.01,1.18,1.38,,,,Group A,quial meat only,70,446.6666666666667,72.66666666666667,15.1,4.4,0,0,43.333333333333336,15.033333333333331,83.33333333333334,1023.3333333333333,790,170,9.000000000000002,1.9799999999999998,0,0.057999999999999996,0.9433333333333331,0.95,27.333333333333332,2.6233333333333335,1.7666666666666668,0.02333333333333333,0,0.0015666666666666667,190,0,0,3.1000000000000005,0.06666666666666667,0.03333333333333333,0,1.1366666666666667,3.6333333333333337,3.9666666666666663,6.233333333333333,6.333333333333332,2.296666666666667,1.2666666666666666,3.1466666666666665,3.3666666666666663,3.933333333333333,4.6,Meat
"egg white, raw",87.6,52,10.9,0.17,0.63,0.73,0,0.73,7,0.08,11,15,163,166,0.03,0.023,0,20,0.004,0.439,0.105,0.19,0.005,4,1.1,0.09,0,0,0,0,0,0,0,0.125,0.449,0.661,1.02,0.806,0.399,0.287,0.686,0.457,0.809,0.648,,,,Group A,"egg white, raw",87.6,419.3548387096772,87.90322580645157,1.3709677419354833,5.08064516129032,5.887096774193545,0,56.45161290322578,0.6451612903225804,88.70967741935479,120.96774193548382,1314.5161290322574,1338.7096774193542,0.2419354838709676,0.18548387096774185,0,0.1612903225806451,0.03225806451612902,3.5403225806451597,0.8467741935483867,1.5322580645161283,0.040322580645161275,0.03225806451612902,8.87096774193548,0.0007258064516129028,0,0,0,0,0,0,0,1.0080645161290318,3.620967741935482,5.33064516129032,8.225806451612899,6.499999999999997,3.21774193548387,2.314516129032257,5.532258064516126,3.68548387096774,6.524193548387094,5.2258064516129,Meat
"Beef tongue, raw",64.5,224,14.9,16.1,0.8,3.68,0,3.68,6,2.95,16,133,315,69,2.87,0.17,0,9.4,0.125,0.34,4.24,0.653,0.31,7,0,3.79,0,0,0,0.58,0,0,0,0.114,0.648,0.641,1.11,1.15,0.315,0.195,0.615,0.482,0.713,0.949,,,Organ meat,,"Beef tongue, raw",64.5,630.9859154929577,41.971830985915496,45.35211267605634,2.2535211267605635,10.366197183098592,0,16.901408450704224,8.309859154929578,45.07042253521127,374.6478873239437,887.3239436619718,194.3661971830986,8.084507042253522,0.47887323943661975,0,0.026478873239436623,0.35211267605633806,0.9577464788732395,11.943661971830986,1.8394366197183099,0.8732394366197183,0.019718309859154928,0,0.01067605633802817,0,0,0,1.6338028169014085,0,0,0,0.3211267605633803,1.8253521126760566,1.8056338028169014,3.126760563380282,3.2394366197183095,0.8873239436619718,0.5492957746478874,1.732394366197183,1.3577464788732394,2.008450704225352,2.6732394366197183,Meat
"pork loin, lean bonless",73.3,132,22.4,4.06,1.01,0,0,0,5,0.54,26,225,374,49,1.8,0.058,0,27.7,0.443,0.187,5.74,0.745,0.755,0,59.5,0.51,0,0.13,16,0.349,0.013,0,0,0.236,1,1.1,1.91,2.08,0.617,0.258,0.941,0.852,1.17,1.49,,,Organ meat,Group A,"pork loin, lean bonless",73.3,494.3820224719101,83.8951310861423,15.205992509363291,3.782771535580524,0,0,18.726591760299623,2.0224719101123596,97.37827715355805,842.696629213483,1400.7490636704117,183.5205992509363,6.741573033707865,0.21722846441947566,0,0.10374531835205991,1.6591760299625467,0.7003745318352059,21.49812734082397,2.7902621722846437,2.827715355805243,0,222.84644194756552,0.0019101123595505617,0,0.48689138576779023,59.92509363295879,1.3071161048689135,0.04868913857677902,0,0,0.8838951310861421,3.7453183520599245,4.119850187265917,7.153558052434455,7.790262172284644,2.3108614232209734,0.9662921348314606,3.5243445692883886,3.191011235955056,4.382022471910112,5.580524344569287,Meat
pork shoulder lean,72.6,148,19.6,7.14,1.02,0,0,0,14,1.22,21,202,341,76,3.14,0.097,0,29.5,0.884,0.314,4.28,0.822,0.415,5,0,0.84,6,0,0,0.62,0.03,0,0,0.248,0.893,0.915,1.57,1.76,0.518,0.249,0.78,0.681,1.06,1.22,,,,Group C,pork shoulder lean,72.6,540.1459854014598,71.53284671532846,26.058394160583937,3.7226277372262766,0,0,51.0948905109489,4.452554744525546,76.64233576642334,737.2262773722626,1244.5255474452551,277.3722627737226,11.459854014598537,0.35401459854014594,0,0.10766423357664232,3.226277372262773,1.1459854014598538,15.620437956204377,2.999999999999999,1.514598540145985,0.01824817518248175,0,0.0030656934306569337,21.897810218978098,0,0,2.2627737226277365,0.10948905109489047,0,0,0.9051094890510947,3.2591240875912404,3.33941605839416,5.729927007299269,6.423357664233576,1.890510948905109,0.9087591240875911,2.8467153284671527,2.485401459854014,3.8686131386861304,4.452554744525546,Meat
"pork loin, bonless",70.1,166,21.3,8.33,0.97,0,0,0,7,0.53,24,216,358,47,1.73,0.056,0,26.5,0.426,0.181,5.57,0.722,0.718,0,57.3,0.54,5,0.12,21,0.913,0.041,0,0,0.225,0.958,1.05,1.82,1.98,0.588,0.246,0.897,0.812,1.12,1.42,,,,Group C,"pork loin, bonless",70.1,555.1839464882942,71.23745819397992,27.859531772575245,3.2441471571906346,0,0,23.41137123745819,1.77257525083612,80.26755852842807,722.4080267558527,1197.3244147157188,157.190635451505,5.7859531772575234,0.1872909698996655,0,0.08862876254180602,1.4247491638795984,0.6053511705685618,18.62876254180602,2.414715719063545,2.40133779264214,0,191.63879598662203,0.0018060200668896318,16.72240802675585,0.4013377926421403,70.23411371237457,3.0535117056856182,0.13712374581939796,0,0,0.7525083612040132,3.2040133779264206,3.511705685618729,6.086956521739129,6.622073578595317,1.9665551839464879,0.8227424749163877,2.9999999999999996,2.71571906354515,3.7458193979933108,4.749163879598662,Meat
beef liver,70.8,135,20.4,3.63,1.31,3.89,0,3.89,5,4.9,18,387,313,69,4,9.76,0,39.7,0.189,2.76,13.2,7.17,1.08,290,333,59.3,16900,0.38,49,0.299,0.016,0,0,0.263,0.869,0.967,1.91,1.61,0.543,0.376,1.08,0.807,1.26,1.24,,,Organ meat,,beef liver,70.8,462.3287671232876,69.86301369863013,12.431506849315067,4.486301369863013,13.321917808219178,0,17.123287671232877,16.78082191780822,61.643835616438345,1325.3424657534244,1071.917808219178,236.3013698630137,13.698630136986301,33.42465753424657,0,0.13595890410958905,0.6472602739726027,9.452054794520546,45.20547945205479,24.554794520547944,3.6986301369863015,0.9931506849315067,1140.4109589041095,0.20308219178082187,57876.71232876712,1.3013698630136985,167.80821917808217,1.023972602739726,0.0547945205479452,0,0,0.9006849315068493,2.9760273972602738,3.311643835616438,6.541095890410959,5.513698630136986,1.8595890410958902,1.2876712328767121,3.6986301369863015,2.7636986301369864,4.315068493150685,4.246575342465753,Meat
chikcen liver,76.5,119,16.9,4.83,1.06,0.73,0,0.73,8,8.99,19,297,230,71,2.67,0.492,0,54.6,0.305,1.78,9.73,6.23,0.853,588,194,16.6,11100,0.7,0,0.475,0.012,0,0,0.176,0.725,0.813,1.51,1.33,0.432,0.272,0.824,0.653,0.998,1.09,,,Organ meat,,chikcen liver,76.5,506.3829787234043,71.91489361702126,20.5531914893617,4.510638297872341,3.1063829787234045,0,34.04255319148936,38.255319148936174,80.85106382978722,1263.8297872340424,978.7234042553191,302.1276595744681,11.361702127659575,2.0936170212765957,0,0.2323404255319149,1.297872340425532,7.574468085106383,41.40425531914894,26.51063829787234,3.6297872340425528,2.502127659574468,825.531914893617,0.07063829787234042,47234.04255319149,2.978723404255319,0,2.0212765957446805,0.05106382978723404,0,0,0.7489361702127659,3.0851063829787235,3.459574468085106,6.425531914893617,5.659574468085107,1.8382978723404255,1.1574468085106382,3.506382978723404,2.7787234042553193,4.2468085106382985,4.638297872340426,Meat
"chicken breast, meat only",73.9,120,22.5,2.62,1.13,0,0,0,5,0.37,28,213,334,45,0.68,0.037,0,22.8,0.094,0.177,9.6,1.5,0.811,9,82.1,0.21,30,0.56,1,0.319,0.013,0.003,0.004,0.283,1.01,1.1,1.86,2.16,0.585,0.236,0.908,0.81,1.16,1.52,,,,Group A,"chicken breast, meat only",73.9,459.7701149425288,86.20689655172416,10.038314176245214,4.329501915708813,0,0,19.157088122605366,1.4176245210727971,107.27969348659005,816.0919540229887,1279.6934865900387,172.4137931034483,2.60536398467433,0.14176245210727972,0,0.0873563218390805,0.36015325670498094,0.6781609195402301,36.781609195402304,5.747126436781611,3.107279693486591,0.03448275862068967,314.5593869731801,0.0008045977011494254,114.9425287356322,2.145593869731801,3.831417624521074,1.2222222222222225,0.04980842911877396,0.01149425287356322,0.015325670498084296,1.0842911877394639,3.869731800766284,4.214559386973182,7.126436781609197,8.27586206896552,2.241379310344828,0.9042145593869733,3.478927203065135,3.10344827586207,4.4444444444444455,5.823754789272032,Meat
Chicken thigh with skin ,66.5,221,16.5,16.6,0.81,0.25,0,0.25,7,0.68,18,157,204,81,1.29,0.054,0,18.9,0.073,0.145,4.62,0.19,0.347,3,45.7,0.62,78,0.21,3,3.1,0.162,0.004,0.007,0.167,0.735,0.731,1.32,1.45,0.438,0.183,0.632,0.579,0.764,1.16,,,,Group B,Chicken thigh with skin ,66.5,659.7014925373135,49.25373134328358,49.552238805970156,2.4179104477611943,0.7462686567164178,0,20.8955223880597,2.029850746268657,53.73134328358209,468.65671641791045,608.955223880597,241.79104477611938,3.8507462686567164,0.16119402985074627,0,0.056417910447761184,0.21791044776119403,0.43283582089552236,13.791044776119405,0.5671641791044777,1.035820895522388,0.008955223880597014,136.4179104477612,0.0018507462686567161,232.8358208955224,0.6268656716417911,8.955223880597014,9.253731343283581,0.4835820895522388,0.011940298507462687,0.020895522388059702,0.4985074626865672,2.1940298507462686,2.182089552238806,3.940298507462687,4.3283582089552235,1.3074626865671644,0.5462686567164179,1.8865671641791044,1.7283582089552236,2.280597014925373,3.462686567164179,Meat
"Chicken heart, raw",73.6,153,15.6,9.33,0.85,0.71,0,0.71,12,5.96,15,177,176,74,6.59,0.346,0,4.3,0.152,0.728,4.88,2.56,0.36,72,0,7.29,30,0,0,1.91,0.07,0,0,0.199,0.704,0.833,1.36,1.3,0.376,0.211,0.696,0.557,0.88,0.997,,,Organ meat,,"Chicken heart, raw",73.6,579.5454545454544,59.09090909090907,35.340909090909086,3.219696969696969,2.6893939393939386,0,45.454545454545446,22.57575757575757,56.8181818181818,670.4545454545453,666.6666666666665,280.30303030303025,24.962121212121204,1.31060606060606,0,0.016287878787878785,0.5757575757575757,2.757575757575757,18.48484848484848,9.696969696969695,1.3636363636363633,0.27272727272727265,0,0.027613636363636358,113.6363636363636,0,0,7.234848484848483,0.26515151515151514,0,0,0.7537878787878787,2.6666666666666656,3.15530303030303,5.1515151515151505,4.924242424242423,1.4242424242424239,0.799242424242424,2.636363636363636,2.1098484848484844,3.3333333333333326,3.776515151515151,Meat
"Chicken Gizzards, raw  ",79.3,94,17.7,2.06,0.95,0,0,0,11,2.49,15,148,237,69,2.72,0.116,0,25.5,0.028,0.231,3.68,0.631,0.112,5,1.21,64,0.33,0,0,0.246,0.003,0,0,0,0,0,0,0,0,0,0,0,0,0,,,Organ meat,,"Chicken Gizzards, raw  ",79.3,454.10628019323667,85.50724637681158,9.951690821256037,4.589371980676328,0,0,53.14009661835748,12.028985507246375,72.46376811594202,714.9758454106279,1144.9275362318838,333.3333333333333,13.140096618357486,0.5603864734299516,0,0.12318840579710144,0.13526570048309178,1.115942028985507,17.777777777777775,3.048309178743961,0.5410628019323671,0.024154589371980673,5.845410628019323,0.3091787439613526,1.5942028985507246,0,0,1.188405797101449,0.014492753623188406,0,0,0,0,0,0,0,0,0,0,0,0,0,Meat
beef kidney ,77.9,99,17.4,3.09,1.33,0.29,0,0.29,13,4.6,17,257,262,182,1.92,0.426,0,141,0.357,2.84,8.03,3.97,0.665,98,0,27.5,1400,0.22,45,0.292,0.013,0,0,0,0,0,0,0,0,0,0,0,0,0,,,Organ meat,,beef kidney ,77.9,447.96380090497746,78.73303167420815,13.981900452488691,6.018099547511315,1.312217194570136,0,58.82352941176472,20.814479638009054,76.92307692307693,1162.8959276018102,1185.5203619909505,823.5294117647062,8.687782805429867,1.9276018099547514,0,0.6380090497737558,1.6153846153846159,12.850678733031677,36.33484162895928,17.963800904977383,3.0090497737556574,0.44343891402714947,0,0.12443438914027152,6334.841628959278,0.9954751131221722,203.6199095022625,1.321266968325792,0.05882352941176472,0,0,0,0,0,0,0,0,0,0,0,0,0,Meat
Beef Heart,77.1,112,17.7,3.94,1.1,0.14,0,0.14,7,4.31,21,212,287,98,1.7,0.396,0,21.8,0.238,0.906,7.53,1.79,0.279,3,0,8.55,0,0,0.22,0.395,0.016,0,0,0,0,0,0,0,0,0,0,0,0,0,,,Organ meat,,Beef heart,77.1,489.0829694323143,77.29257641921396,17.205240174672483,4.803493449781659,0.6113537117903929,0,30.567685589519645,18.82096069868995,91.70305676855894,925.7641921397377,1253.2751091703053,427.947598253275,7.423580786026199,1.729257641921397,0,0.09519650655021832,1.0393013100436677,3.956331877729257,32.882096069868986,7.81659388646288,1.2183406113537116,0.013100436681222705,0,0.03733624454148471,0,0,0.9606986899563316,1.7248908296943228,0.06986899563318776,0,0,0,0,0,0,0,0,0,0,0,0,0,Meat
ground lamb meat,59.5,282,16.6,23.4,0.87,0,0,0,16,1.55,21,157,222,59,3.41,0.101,0,18.8,0.11,0.21,5.96,0.65,0.13,18,69.3,2.31,0,0.2,2,1.36,0.42,0,0,0.193,0.709,0.799,1.29,1.46,0.425,0.198,0.674,0.556,0.893,0.984,,,Organ meat,Group B,ground lamb meat,59.5,696.2962962962963,40.98765432098766,57.77777777777777,2.148148148148148,0,0,39.50617283950617,3.8271604938271606,51.85185185185185,387.65432098765433,548.1481481481482,145.679012345679,8.419753086419753,0.24938271604938272,0,0.04641975308641976,0.2716049382716049,0.5185185185185185,14.716049382716049,1.6049382716049383,0.3209876543209877,0.044444444444444446,171.11111111111111,0.005703703703703704,0,0.49382716049382713,4.938271604938271,3.3580246913580245,1.037037037037037,0,0,0.47654320987654325,1.7506172839506173,1.9728395061728397,3.185185185185185,3.6049382716049383,1.0493827160493827,0.4888888888888889,1.6641975308641976,1.3728395061728396,2.2049382716049384,2.4296296296296296,Meat
Lamb liver,70.8,136,20.7,4.92,1.36,2.22,0,2.22,4,4.6,18,381,285,59,3.4,11.4,0,11.1,1.21,4.21,13.7,5.57,0.218,0,0,59,51400,0.86,0,0.204,0.147,0.129,0.163,0.229,0.987,0.927,1.6,1.81,0.675,0.271,0.815,0.717,1.05,1.39,,,Organ meat,,lamb liver,70.8,465.75342465753425,70.8904109589041,16.849315068493148,4.657534246575342,7.602739726027396,0,13.698630136986301,15.753424657534243,61.643835616438345,1304.794520547945,976.0273972602739,202.05479452054794,11.643835616438354,39.04109589041095,0,0.03801369863013698,4.143835616438356,14.41780821917808,46.91780821917808,19.075342465753423,0.7465753424657533,0,0,0.20205479452054795,176027.39726027395,2.9452054794520546,0,0.6986301369863013,0.5034246575342465,0.44178082191780815,0.5582191780821918,0.7842465753424658,3.3801369863013693,3.174657534246575,5.47945205479452,6.198630136986301,2.3116438356164384,0.9280821917808219,2.7910958904109586,2.4554794520547945,3.595890410958904,4.7602739726027385,Meat
Lamb kidney,81,84,15.2,2.54,1.19,0.03,0,0.03,8,6.6,16,245,231,168,1.81,0.361,0,93.6,0.413,1.28,8.43,3.21,0.173,0,0,50.4,204,0.42,5,0.166,0.05,0.093,0.036,0.168,0.726,0.681,1.18,1.33,0.496,0.199,0.599,0.527,0.775,1.02,,,Organ meat,,Lamb kidney,81,442.1052631578948,80,13.368421052631579,6.263157894736842,0.15789473684210525,0,42.10526315789473,34.73684210526316,84.21052631578947,1289.4736842105265,1215.7894736842104,884.2105263157896,9.526315789473685,1.9,0,0.4926315789473683,2.1736842105263157,6.7368421052631575,44.36842105263158,16.894736842105264,0.9105263157894736,0,0,0.2652631578947368,1073.6842105263158,2.2105263157894735,26.31578947368421,0.873684210526316,0.2631578947368421,0.48947368421052634,0.1894736842105263,0.8842105263157896,3.8210526315789473,3.5842105263157897,6.2105263157894735,7.000000000000001,2.6105263157894734,1.0473684210526315,3.152631578947368,2.773684210526316,4.078947368421053,5.36842105263158,Meat
Lamb heart,76.7,122,16.5,5.68,0.93,0.21,0,0.21,6,4.6,17,175,316,89,1.87,0.397,0,32,0.37,0.99,6.14,2.63,0.39,2,0,10.2,0,0,0,0.24,0.13,0.04,0.03,0.178,0.777,0.714,1.4,1.24,0.361,0.138,0.712,0.513,0.819,1.08,,,Organ meat,,Lamb heart,76.7,523.6051502145924,70.81545064377683,24.37768240343348,3.9914163090128763,0.9012875536480688,0,25.751072961373396,19.74248927038627,72.96137339055795,751.0729613733906,1356.2231759656654,381.9742489270387,8.025751072961375,1.7038626609442065,0,0.13733905579399144,1.5879828326180259,4.24892703862661,26.351931330472105,11.287553648068672,1.6738197424892707,0.008583690987124465,0,0.04377682403433476,0,0,0,1.0300429184549356,0.5579399141630902,0.1716738197424893,0.12875536480686695,0.7639484978540773,3.334763948497855,3.0643776824034337,6.008583690987125,5.321888412017168,1.5493562231759657,0.5922746781115881,3.055793991416309,2.201716738197425,3.515021459227468,4.635193133047212,Meat
"Ostrich, ground",71.1,165,20.2,8.7,0.73,0,0,0,7,2.91,20,199,291,72,3.51,0.128,0,33,0.182,0.267,4.38,1.08,0.475,7,0,4.61,0,0.24,0,0.777,0.056,0,0,0.18,0.887,0.961,1.64,1.78,0.565,0.208,0.834,0.657,0.998,1.38,,,,Group B,"Ostrich, ground",71.1,570.9342560553632,69.89619377162629,30.103806228373692,2.5259515570934252,0,0,24.221453287197228,10.069204152249133,69.20415224913494,688.5813148788926,1006.9204152249133,249.13494809688578,12.145328719723182,0.4429065743944636,0,0.11418685121107264,0.6297577854671279,0.9238754325259514,15.15570934256055,3.7370242214532867,1.6435986159169544,0.024221453287197228,0,0.015951557093425602,0,0.8304498269896192,0,2.6885813148788924,0.19377162629757783,0,0,0.6228373702422143,3.0692041522491347,3.325259515570934,5.674740484429065,6.159169550173009,1.9550173010380618,0.7197231833910033,2.8858131487889267,2.2733564013840826,3.453287197231833,4.77508650519031,Meat
Rabbit meat,74.5,114,21.8,2.32,1.12,0,0,0,12,3.2,29,226,378,50,0,0,0,9.4,0.03,0.06,6.5,0,0,0,0,0,0,0,0,0.36,0.09,0,0,0.288,0.975,1.03,1.7,1.91,0.545,0.274,0.895,0.776,1.11,1.35,,,,Group A,Rabbit meat,74.5,447.05882352941177,85.49019607843138,9.098039215686274,4.392156862745098,0,0,47.05882352941176,12.549019607843137,113.72549019607843,886.2745098039217,1482.3529411764707,196.078431372549,0,0,0,0.03686274509803922,0.1176470588235294,0.2352941176470588,25.49019607843137,0,0,0,0,0,0,0,0,1.4117647058823528,0.3529411764705882,0,0,1.1294117647058823,3.8235294117647056,4.03921568627451,6.666666666666667,7.490196078431373,2.1372549019607843,1.0745098039215688,3.5098039215686274,3.043137254901961,4.352941176470589,5.294117647058824,Meat
Trout,73.8,141,19.9,6.18,1.21,0,0,0,25,0.31,25,226,377,51,0.45,0.046,0,23.6,0.12,0.09,5.57,1.67,0.34,11,65,4.3,280,2.34,635,0.492,0.067,0.217,0.516,0.234,0.915,0.962,1.7,1.92,0.618,0.224,0.815,0.704,1.08,1.25,,,,group C,Trout,73.8,538.1679389312976,75.95419847328243,23.587786259541982,4.6183206106870225,0,0,95.41984732824427,1.1832061068702289,95.41984732824427,862.5954198473282,1438.9312977099235,194.6564885496183,1.7175572519083966,0.17557251908396942,0,0.0900763358778626,0.45801526717557245,0.34351145038167935,21.259541984732824,6.374045801526716,1.297709923664122,0.04198473282442748,248.09160305343508,0.01641221374045801,1068.7022900763359,8.931297709923662,2423.6641221374043,1.8778625954198471,0.25572519083969464,0.8282442748091602,1.9694656488549616,0.8931297709923665,3.4923664122137406,3.6717557251908395,6.488549618320611,7.328244274809159,2.3587786259541983,0.8549618320610686,3.1106870229007626,2.6870229007633584,4.122137404580153,4.770992366412213,Meat
"Shrimp, raw",83,71,13.6,1.01,1.86,0.91,0,0.91,54,0.21,22,244,113,566,0.97,0.182,0,29.6,0.02,0.015,1.78,0.31,0.161,19,80.9,1.11,180,1.32,2,0.095,0.006,0.068,0.07,0.155,0.54,0.627,1.16,1.3,0.397,0.162,0.593,0.515,0.637,1.34,,,,group A,"Shrimp, raw",83,417.64705882352945,80,5.9411764705882355,10.941176470588236,5.352941176470588,0,317.6470588235294,1.2352941176470587,129.41176470588235,1435.2941176470588,664.7058823529412,3329.4117647058824,5.705882352941177,1.0705882352941176,0,0.17411764705882354,0.11764705882352942,0.08823529411764705,10.470588235294118,1.8235294117647058,0.9470588235294117,0.11176470588235295,475.88235294117646,0.006529411764705884,1058.8235294117646,7.764705882352942,11.76470588235294,0.5588235294117647,0.03529411764705882,0.4,0.411764705882353,0.9117647058823529,3.1764705882352944,3.688235294117647,6.8235294117647065,7.647058823529412,2.335294117647059,0.9529411764705884,3.4882352941176467,3.0294117647058827,3.7470588235294118,7.882352941176471,Meat
Unnamed: 1,nutrients ,,,,,,,,,,,,,,,,,,,,,,,,,,,,,,,,,,,,,,,,,,,,,,,,,g,kcal,g,g,g,g,g,mg,mg,mg,mg,mg,mg,mg,mg,mg,mg,mg,mg,mg,mg,mg,mg,mg,mg,IU,mg,IU,g,g,g,g,g,g,g,g,g,g,g,g,g,g,g,Grains
white rice,12.9,360,6.61,0.58,0.58,79.3,0,79.3,9,0.8,35,108,86,1,1.16,0.11,0,0,0.07,0.048,1.6,1.34,0.145,9,0,0,0,0,0,0.128,0.027,0,0,0.077,0.236,0.285,0.546,0.239,0.155,0.135,0.353,0.221,0.403,0.551,,,,Group A,white rice,12.9,413.3180252583238,7.588978185993112,0.6659012629161883,0.6659012629161883,91.044776119403,0,10.332950631458095,0.918484500574053,40.18369690011481,123.99540757749715,98.73708381171068,1.1481056257175661,1.3318025258323767,0.12629161882893228,0,0,0.08036739380022964,0.055109070034443174,1.836969001148106,1.5384615384615388,0.16647531572904709,0.010332950631458095,0,0,0,0,0,0.14695752009184845,0.030998851894374284,0,0,0.08840413318025259,0.2709529276693456,0.32721010332950634,0.6268656716417911,0.2743972445464983,0.17795637198622274,0.15499425947187143,0.40528128587830087,0.2537313432835821,0.46268656716417916,0.6326061997703789,Grains
"Brown rice, raw",11.8,367,7.54,3.2,1.21,76.2,3.6,72.60000000000001,9,1.29,116,311,250,5,2.13,0.302,0,17.1,0.541,0.095,6.49,1.06,0.477,23,21.5,0,0,0.6,0,0.968,0.032,0,0,0.101,0.291,0.336,0.657,0.303,0.179,0.096,0.41,0.298,0.466,0.602,,,,Group A,"Brown rice, raw",11.8,416.09977324263036,8.54875283446712,3.6281179138321997,1.3718820861678003,82.31292517006803,4.081632653061225,10.204081632653061,1.4625850340136055,131.51927437641723,352.60770975056687,283.4467120181406,5.668934240362812,2.4149659863945576,0.3424036281179138,0,0.019387755102040816,0.6133786848072562,0.10770975056689341,7.35827664399093,1.2018140589569162,0.5408163265306122,0.026077097505668934,24.37641723356009,0,0,0.6802721088435374,0,1.0975056689342404,0.036281179138321996,0,0,0.1145124716553288,0.3299319727891156,0.38095238095238093,0.7448979591836735,0.3435374149659864,0.20294784580498865,0.10884353741496598,0.46485260770975056,0.3378684807256236,0.528344671201814,0.6825396825396824,Grains
"barley, pearl, raw ",10.1,352,9.91,1.16,1.11,77.7,15.6,62.1,29,2.5,79,221,280,9,2.13,0.42,0,37.7,0.191,0.114,4.6,0.282,0.26,23,37.8,0,22,0.02,0,0.505,0.055,0,0,0.165,0.337,0.362,0.673,0.369,0.19,0.219,0.556,0.284,0.486,0.496,,,,Group B,"barley, pearl, raw ",10.1,391.5461624026696,11.023359288097886,1.290322580645161,1.2347052280311457,69.07675194660735,17.352614015572858,32.25806451612903,2.7808676307007785,87.8754171301446,245.8286985539488,311.4571746384872,10.011123470522802,2.369299221357063,0.46718576195773076,0,0.041935483870967745,0.21245828698553945,0.1268075639599555,5.116796440489432,0.3136818687430478,0.28921023359288095,0.025583982202447165,42.046718576195765,0,24.47163515016685,0.022246941045606226,0,0.5617352614015573,0.06117908787541713,0,0,0.1835372636262514,0.37486095661846497,0.40266963292547275,0.7486095661846496,0.4104560622914349,0.21134593993325915,0.2436040044493882,0.6184649610678532,0.31590656284760843,0.5406006674082313,0.5517241379310345,Grains
"oat, raw",6.55,246,17.3,7.03,2.89,66.2,15.4,50.800000000000004,58,5.41,235,734,566,4,3.11,0.403,0,45.2,1.17,0.22,0.934,1.49,0.165,52,32.2,0,0,1.01,0,2.64,0.121,0,0,0.335,0.502,0.668,1.37,0.76,0.335,0.576,0.908,0.668,0.964,1.28,,,,Group B,"oat, raw",6.55,263.24237560192614,18.512573568753343,7.522739432851792,3.0925628678437667,54.360620652755486,16.479400749063668,62.06527554842162,5.789192081326912,251.47137506688065,785.4467629748528,605.6714820759764,4.280363830925628,3.327982878544676,0.4312466559657571,0,0.04836811128945961,1.2520064205457462,0.2354200107009096,0.9994649545211343,1.5944355270197965,0.1765650080256822,0.055644729802033166,34.45692883895131,0,0,1.0807918673087213,0,2.8250401284109152,0.12948100588550027,0,0,0.3584804708400214,0.5371856607811665,0.71482075976458,1.466024612092028,0.8132691278758695,0.3584804708400214,0.6163723916532905,0.9716425896201176,0.71482075976458,1.0315676832530765,1.3697164258962011,Grains
Sorghum raw,12.4,329,10.6,3.46,1.43,72.1,6.7,65.39999999999999,13,3.36,165,289,363,2,1.67,0.284,0,12.2,0.332,0.096,3.69,0.367,0.443,20,0,0,0,0.5,0,1.49,0.065,0,0,0.124,0.346,0.433,1.49,0.229,0.169,0.127,0.546,0.321,0.561,0.355,,,,Group A,Sorghum raw,12.4,375.5707762557078,12.100456621004566,3.9497716894977173,1.632420091324201,74.65753424657534,7.648401826484019,14.840182648401829,3.8356164383561646,188.35616438356166,329.9086757990868,414.38356164383566,2.2831050228310503,1.906392694063927,0.3242009132420091,0,0.013926940639269405,0.3789954337899544,0.10958904109589042,4.212328767123288,0.41894977168949776,0.5057077625570777,0.0228310502283105,0,0,0,0.5707762557077626,0,1.7009132420091326,0.07420091324200913,0,0,0.1415525114155251,0.3949771689497717,0.49429223744292244,1.7009132420091326,0.2614155251141553,0.19292237442922378,0.1449771689497717,0.6232876712328768,0.3664383561643836,0.6404109589041097,0.4052511415525114,Grains
"Quinoa, raw",13.3,368,14.1,6.07,2.38,64.2,7,57.2,47,4.57,197,457,563,5,3.1,0.59,0,8.5,0.36,0.318,1.52,0.772,0.487,184,70.2,0,14,2.44,0,2.98,0.26,0,0.047,0.167,0.421,0.504,0.84,0.766,0.309,0.203,0.593,0.267,0.594,1.09,,,,Group A,"Quinoa, raw",13.3,424.4521337946943,16.26297577854671,7.0011534025374855,2.745098039215686,65.97462514417532,8.073817762399077,54.20991926182237,5.271049596309112,227.22029988465974,527.1049596309113,649.3656286043829,5.767012687427912,3.575547866205306,0.6805074971164936,0,0.00980392156862745,0.4152249134948096,0.3667820069204152,1.7531718569780852,0.8904267589388696,0.5617070357554786,0.21222606689734716,80.96885813148789,0,16.147635524798154,2.8143021914648214,0,3.4371395617070357,0.29988465974625145,0,0.05420991926182238,0.19261822376009227,0.48558246828143015,0.5813148788927336,0.9688581314878892,0.8835063437139561,0.35640138408304495,0.23414071510957324,0.6839677047289504,0.3079584775086505,0.6851211072664359,1.257208765859285,Grains
"Tapioca,  pearl dry",11,358,0.19,0.02,0.11,88.7,0.9,87.8,20,1.58,1,7,11,1,0.12,0.02,0,0.8,0.004,0,0,0.135,0.008,4,1.2,0,0,0,0,0.002,0.001,0,0,0.003,0.004,0.004,0.006,0.006,0.002,0.004,0.004,0.002,0.005,0.019,,,,Group A,"Tapioca,  pearl dry",11,402.24719101123594,0.21348314606741575,0.02247191011235955,0.12359550561797752,98.65168539325843,1.0112359550561798,22.47191011235955,1.7752808988764044,1.1235955056179776,7.865168539325842,12.359550561797752,1.1235955056179776,0.1348314606741573,0.02247191011235955,0,0.0008988764044943821,0.0044943820224719105,0,0,0.15168539325842698,0.008988764044943821,0.0044943820224719105,1.348314606741573,0,0,0,0,0.0022471910112359553,0.0011235955056179776,0,0,0.003370786516853933,0.0044943820224719105,0.0044943820224719105,0.006741573033707866,0.006741573033707866,0.0022471910112359553,0.0044943820224719105,0.0044943820224719105,0.0022471910112359553,0.0056179775280898875,0.02134831460674157,Grains
Millet raw,8.67,378,11,4.22,3.25,72.8,8.5,64.3,8,3.01,114,285,195,5,1.68,0.75,0,2.7,0.421,0.29,4.72,0.848,0.384,85,0,0,0,0.05,0,2.02,0.118,0,0,0.119,0.353,0.465,1.4,0.212,0.221,0.212,0.58,0.34,0.578,0.382,,,,Group A,Millet raw,8.67,413.88371838388264,12.044235191065368,4.620606591481441,3.5585240337238586,70.40402934413665,9.306909011277783,8.759443775320268,3.2957407204642504,124.82207379831381,312.05518449578454,213.5114420234315,5.474652359575167,1.839483192817256,0.8211978539362751,0,0.0029563122741705907,0.4609657286762291,0.3175298368553596,5.168071827438958,0.9285010401839483,0.42045330121537283,0.09306909011277785,0,0,0,0.054746523595751675,0,2.2117595532683674,0.12920179568597392,0,0,0.13029672615788898,0.3865104565860068,0.5091426694404906,1.5329026606810467,0.23212526004598708,0.2419796342932224,0.23212526004598708,0.6350596737107193,0.3722763604511114,0.6328698127668893,0.41826344027154283,Grains
"Wheat flour, whole grain ",12.4,332,9.61,1.95,1.53,74.5,13.1,61.4,33,3.71,117,323,394,3,2.96,0.475,0,12.7,0.297,0.188,5.35,1.01,0.191,28,31.2,0,9,0.53,0,0,0,0,0,0,0,0,0,0,0,0,0,0,0,0,,,,Group B,"Wheat flour, whole grain ",12.4,378.99543378995435,10.970319634703197,2.226027397260274,1.7465753424657535,70.09132420091323,14.954337899543379,37.67123287671233,4.235159817351598,133.56164383561645,368.72146118721463,449.7716894977169,3.4246575342465757,3.3789954337899544,0.5422374429223744,0,0.01449771689497717,0.339041095890411,0.21461187214611874,6.107305936073059,1.1529680365296804,0.21803652968036533,0.03196347031963471,35.61643835616439,0.010273972602739727,0.6050228310502284,0,0,0,0,0,0,0,0,0,0,0,0,0,0,0,0,0,Grains
Rye grain,10.6,338,10.3,1.63,1.57,75.9,15.1,60.800000000000004,24,2.63,110,332,510,2,2.65,0.367,0,13.9,0.316,0.251,4.27,1.46,0.294,38,30.4,0,11,0.85,0,0.659,0.108,0,0,0.108,0.289,0.208,0.563,0.286,0.153,0,0.435,0.2,0.317,0.454,,,,Group B ,Rye grain ,10.6,378.07606263982103,11.521252796420582,1.8232662192393734,1.756152125279642,68.0089485458613,16.890380313199106,26.845637583892618,2.9418344519015656,123.04250559284115,371.36465324384784,570.4697986577181,2.2371364653243844,2.9642058165548093,0.41051454138702453,0,0.015548098434004473,0.3534675615212528,0.2807606263982103,4.776286353467561,1.6331096196868007,0.32885906040268453,0.04250559284116331,34.00447427293064,0,12.304250559284116,0.9507829977628635,0,0.7371364653243848,0.12080536912751677,0,0,0.12080536912751677,0.3232662192393736,0.23266219239373598,0.6297539149888143,0.31991051454138697,0.17114093959731544,0,0.4762947552830395,0.2189860943830067,0.3470929595970656,0.4970984342494252,Grains
Unnamed: 12,,,,,,,,0.0,,,,,,,,,,,,,,,,,,,,,,,,,,,,,,,,,,,,,,,,,,0.0,0.0,0.0,0.0,0.0,0.0,0.0,0.0,0.0,0.0,0.0,0.0,0.0,0.0,0.0,0.0,0.0,0.0,0.0,0.0,0.0,0.0,0.0,0.0,0.0,0.0,0.0,0.0,0.0,0.0,0.0,0.0,0.0,0.0,0.0,0.0,0.0,0.0,0.0,0.0,0.0,0.0,0.0,Grains
Unnamed: 13,,,,,,,,0.0,,,,,,,,,,,,,,,,,,,,,,,,,,,,,,,,,,,,,,,,,,0.0,0.0,0.0,0.0,0.0,0.0,0.0,0.0,0.0,0.0,0.0,0.0,0.0,0.0,0.0,0.0,0.0,0.0,0.0,0.0,0.0,0.0,0.0,0.0,0.0,0.0,0.0,0.0,0.0,0.0,0.0,0.0,0.0,0.0,0.0,0.0,0.0,0.0,0.0,0.0,0.0,0.0,0.0,Grains
Unnamed: 14,,,,,,,,0.0,,,,,,,,,,,,,,,,,,,,,,,,,,,,,,,,,,,,,,,,,,0.0,0.0,0.0,0.0,0.0,0.0,0.0,0.0,0.0,0.0,0.0,0.0,0.0,0.0,0.0,0.0,0.0,0.0,0.0,0.0,0.0,0.0,0.0,0.0,0.0,0.0,0.0,0.0,0.0,0.0,0.0,0.0,0.0,0.0,0.0,0.0,0.0,0.0,0.0,0.0,0.0,0.0,0.0,Grains
Unnamed: 15,,,,,,,,0.0,,,,,,,,,,,,,,,,,,,,,,,,,,,,,,,,,,,,,,,,,,0.0,0.0,0.0,0.0,0.0,0.0,0.0,0.0,0.0,0.0,0.0,0.0,0.0,0.0,0.0,0.0,0.0,0.0,0.0,0.0,0.0,0.0,0.0,0.0,0.0,0.0,0.0,0.0,0.0,0.0,0.0,0.0,0.0,0.0,0.0,0.0,0.0,0.0,0.0,0.0,0.0,0.0,0.0,Grains
Unnamed: 16,,,,,,,,0.0,,,,,,,,,,,,,,,,,,,,,,,,,,,,,,,,,,,,,,,,,,0.0,0.0,0.0,0.0,0.0,0.0,0.0,0.0,0.0,0.0,0.0,0.0,0.0,0.0,0.0,0.0,0.0,0.0,0.0,0.0,0.0,0.0,0.0,0.0,0.0,0.0,0.0,0.0,0.0,0.0,0.0,0.0,0.0,0.0,0.0,0.0,0.0,0.0,0.0,0.0,0.0,0.0,0.0,Grains
Unnamed: 17,,,,,,,,0.0,,,,,,,,,,,,,,,,,,,,,,,,,,,,,,,,,,,,,,,,,,0.0,0.0,0.0,0.0,0.0,0.0,0.0,0.0,0.0,0.0,0.0,0.0,0.0,0.0,0.0,0.0,0.0,0.0,0.0,0.0,0.0,0.0,0.0,0.0,0.0,0.0,0.0,0.0,0.0,0.0,0.0,0.0,0.0,0.0,0.0,0.0,0.0,0.0,0.0,0.0,0.0,0.0,0.0,Grains
Unnamed: 18,,,,,,,,0.0,,,,,,,,,,,,,,,,,,,,,,,,,,,,,,,,,,,,,,,,,,0.0,0.0,0.0,0.0,0.0,0.0,0.0,0.0,0.0,0.0,0.0,0.0,0.0,0.0,0.0,0.0,0.0,0.0,0.0,0.0,0.0,0.0,0.0,0.0,0.0,0.0,0.0,0.0,0.0,0.0,0.0,0.0,0.0,0.0,0.0,0.0,0.0,0.0,0.0,0.0,0.0,0.0,0.0,Grains
Unnamed: 19,,,,,,,,0.0,,,,,,,,,,,,,,,,,,,,,,,,,,,,,,,,,,,,,,,,,,0.0,0.0,0.0,0.0,0.0,0.0,0.0,0.0,0.0,0.0,0.0,0.0,0.0,0.0,0.0,0.0,0.0,0.0,0.0,0.0,0.0,0.0,0.0,0.0,0.0,0.0,0.0,0.0,0.0,0.0,0.0,0.0,0.0,0.0,0.0,0.0,0.0,0.0,0.0,0.0,0.0,0.0,0.0,Grains
Unnamed: 20,,,,,,,,0.0,,,,,,,,,,,,,,,,,,,,,,,,,,,,,,,,,,,,,,,,,,0.0,0.0,0.0,0.0,0.0,0.0,0.0,0.0,0.0,0.0,0.0,0.0,0.0,0.0,0.0,0.0,0.0,0.0,0.0,0.0,0.0,0.0,0.0,0.0,0.0,0.0,0.0,0.0,0.0,0.0,0.0,0.0,0.0,0.0,0.0,0.0,0.0,0.0,0.0,0.0,0.0,0.0,0.0,Grains
Unnamed: 21,,,,,,,,0.0,,,,,,,,,,,,,,,,,,,,,,,,,,,,,,,,,,,,,,,,,,0.0,0.0,0.0,0.0,0.0,0.0,0.0,0.0,0.0,0.0,0.0,0.0,0.0,0.0,0.0,0.0,0.0,0.0,0.0,0.0,0.0,0.0,0.0,0.0,0.0,0.0,0.0,0.0,0.0,0.0,0.0,0.0,0.0,0.0,0.0,0.0,0.0,0.0,0.0,0.0,0.0,0.0,0.0,Grains
Unnamed: 22,,,,,,,,0.0,,,,,,,,,,,,,,,,,,,,,,,,,,,,,,,,,,,,,,,,,,0.0,0.0,0.0,0.0,0.0,0.0,0.0,0.0,0.0,0.0,0.0,0.0,0.0,0.0,0.0,0.0,0.0,0.0,0.0,0.0,0.0,0.0,0.0,0.0,0.0,0.0,0.0,0.0,0.0,0.0,0.0,0.0,0.0,0.0,0.0,0.0,0.0,0.0,0.0,0.0,0.0,0.0,0.0,Grains
Unnamed: 23,,,,,,,,0.0,,,,,,,,,,,,,,,,,,,,,,,,,,,,,,,,,,,,,,,,,,0.0,0.0,0.0,0.0,0.0,0.0,0.0,0.0,0.0,0.0,0.0,0.0,0.0,0.0,0.0,0.0,0.0,0.0,0.0,0.0,0.0,0.0,0.0,0.0,0.0,0.0,0.0,0.0,0.0,0.0,0.0,0.0,0.0,0.0,0.0,0.0,0.0,0.0,0.0,0.0,0.0,0.0,0.0,Grains
Unnamed: 24,,,,,,,,0.0,,,,,,,,,,,,,,,,,,,,,,,,,,,,,,,,,,,,,,,,,,0.0,0.0,0.0,0.0,0.0,0.0,0.0,0.0,0.0,0.0,0.0,0.0,0.0,0.0,0.0,0.0,0.0,0.0,0.0,0.0,0.0,0.0,0.0,0.0,0.0,0.0,0.0,0.0,0.0,0.0,0.0,0.0,0.0,0.0,0.0,0.0,0.0,0.0,0.0,0.0,0.0,0.0,0.0,Grains
Unnamed: 25,,,,,,,,0.0,,,,,,,,,,,,,,,,,,,,,,,,,,,,,,,,,,,,,,,,,,0.0,0.0,0.0,0.0,0.0,0.0,0.0,0.0,0.0,0.0,0.0,0.0,0.0,0.0,0.0,0.0,0.0,0.0,0.0,0.0,0.0,0.0,0.0,0.0,0.0,0.0,0.0,0.0,0.0,0.0,0.0,0.0,0.0,0.0,0.0,0.0,0.0,0.0,0.0,0.0,0.0,0.0,0.0,Grains
Unnamed: 1,nutrients ,,,,,,,,,,,,,,,,,,,,,,,,,,,,,,,,,,,,,,,,,,,,,,,,,g,kcal,g,g,g,g,g,mg,mg,mg,mg,mg,mg,mg,mg,mg,mg,mg,mg,mg,mg,mg,mg,mg,mg,IU,mg,IU,g,g,g,g,g,g,g,g,g,g,g,g,g,g,g,Vegetables
"Pumpkin, raw",91.6,26,1,0.1,0.8,6.5,0.5,6,21,0.8,12,44,340,1,0.32,0.127,0,0.3,0.05,0.11,0.6,0.298,0.061,16,8.2,0,8510,1.06,0,0.002,0.003,0,0,0.012,0.029,0.031,0.046,0.054,0.011,0.003,0.032,0.042,0.035,0.054,,,,Group A,"Pumpkin, raw",91.6,309.5238095238093,11.904761904761898,1.1904761904761898,9.523809523809518,71.42857142857139,5.952380952380949,249.99999999999983,9.523809523809518,142.85714285714278,523.8095238095235,4047.6190476190445,11.904761904761898,3.809523809523807,1.5119047619047608,0,0.003571428571428569,0.5952380952380949,1.3095238095238086,7.142857142857138,3.5476190476190452,0.7261904761904757,0.19047619047619035,97.61904761904755,0,101309.52380952374,12.61904761904761,0,0.023809523809523794,0.03571428571428569,0,0,0.14285714285714277,0.345238095238095,0.3690476190476188,0.5476190476190472,0.6428571428571425,0.13095238095238085,0.03571428571428569,0.3809523809523807,0.49999999999999967,0.4166666666666664,0.6428571428571425,Vegetables
"carrots, raw",88.3,41,0.93,0.24,0.97,9.58,2.8,6.78,33,0.3,12,35,320,69,0.24,0.045,0,0.1,0.066,0.058,0.983,0.273,0.138,19,8.8,0,16700,0.66,0,0.1,0.002,0,0,0.012,0.191,0.077,0.102,0.101,0.02,0.083,0.061,0.043,0.069,0.091,,,,Group A,"carrots, raw",88.3,350.42735042735035,7.948717948717947,2.0512820512820507,8.29059829059829,57.948717948717935,23.931623931623925,282.051282051282,2.5641025641025634,102.56410256410253,299.1452991452991,2735.0427350427344,589.7435897435896,2.0512820512820507,0.3846153846153845,0,0.0008547008547008547,0.564102564102564,0.4957264957264956,8.401709401709399,2.333333333333333,1.1794871794871793,0.16239316239316234,75.2136752136752,0,142735.0427350427,5.64102564102564,0,0.8547008547008547,0.017094017094017092,0,0,0.10256410256410255,1.632478632478632,0.658119658119658,0.8717948717948716,0.8632478632478631,0.1709401709401709,0.7094017094017093,0.5213675213675212,0.36752136752136744,0.5897435897435896,0.7777777777777776,Vegetables
"zucchini with skin, raw",94.8,17,1.21,0.32,0.58,3.11,1,2.11,16,0.37,18,38,261,8,0.32,0.053,0,0.2,0.045,0.094,0.451,0.204,0.163,24,9.5,0,200,0.12,0,0.03,0.061,0,0,0.01,0.029,0.044,0.071,0.067,0.018,0.012,0.043,0.032,0.054,0.051,,,,Group A,"zucchini with skin, raw",94.8,326.92307692307674,23.269230769230756,6.153846153846151,11.153846153846148,40.57692307692305,19.23076923076922,307.6923076923075,7.1153846153846105,346.15384615384596,730.7692307692304,5019.230769230767,153.84615384615375,6.153846153846151,1.0192307692307687,0,0.0038461538461538446,0.8653846153846149,1.8076923076923066,8.673076923076918,3.9230769230769207,3.134615384615383,0.46153846153846134,182.6923076923076,0,3846.153846153844,2.3076923076923066,0,0.5769230769230766,1.1730769230769222,0,0,0.1923076923076922,0.5576923076923074,0.8461538461538456,1.3653846153846145,1.2884615384615379,0.3461538461538459,0.23076923076923067,0.8269230769230764,0.6153846153846151,1.0384615384615379,0.9807692307692302,Vegetables
"Green peas, raw",78.9,81,5.42,0.4,0.87,14.4,5.7,8.7,25,1.47,33,108,244,5,1.24,0.176,0,1.8,0.266,0.132,2.09,0.104,0.169,65,28.4,0,765,0.13,0,0.152,0.035,0,0,0.037,0.203,0.195,0.323,0.317,0.082,0.032,0.2,0.114,0.235,0.428,,,,Group B,"Green peas, raw",78.9,383.8862559241707,25.687203791469198,1.8957345971563986,4.1232227488151665,41.232227488151665,27.01421800947868,118.4834123222749,6.966824644549765,156.39810426540288,511.8483412322276,1156.3981042654032,23.696682464454984,5.876777251184836,0.8341232227488153,0,0.008530805687203793,1.260663507109005,0.6255924170616115,9.905213270142182,0.49289099526066366,0.8009478672985784,0.30805687203791476,134.5971563981043,0,3625.5924170616127,0.6161137440758296,0,0.7203791469194315,0.1658767772511849,0,0,0.17535545023696686,0.9620853080568724,0.9241706161137444,1.530805687203792,1.502369668246446,0.38862559241706174,0.1516587677725119,0.9478672985781993,0.5402843601895736,1.1137440758293842,2.0284360189573465,Vegetables
"Green beans, raw",90.3,31,1.83,0.22,0.66,6.97,2.7,4.27,37,1.03,25,38,211,6,0.24,0.069,0,0.6,0.082,0.104,0.734,0.225,0.141,33,15.3,0,690,0.41,0,0.044,0.069,0,0,0.019,0.079,0.066,0.112,0.088,0.022,0.018,0.067,0.042,0.09,0.073,,,,Group B,"Green beans, raw",90.3,319.58762886597924,18.865979381443292,2.268041237113401,6.804123711340204,44.02061855670102,27.83505154639175,381.44329896907203,10.618556701030926,257.7319587628865,391.75257731958754,2175.257731958762,61.85567010309276,2.4742268041237105,0.7113402061855668,0,0.006185567010309277,0.8453608247422677,1.072164948453608,7.567010309278348,2.3195876288659787,1.45360824742268,0.3402061855670102,157.73195876288653,0,7113.402061855668,4.2268041237113385,0,0.45360824742268024,0.7113402061855668,0,0,0.19587628865979376,0.8144329896907214,0.6804123711340204,1.1546391752577316,0.9072164948453605,0.22680412371134012,0.18556701030927827,0.6907216494845358,0.43298969072164933,0.9278350515463915,0.7525773195876286,Vegetables
"spinach, raw",91.4,23,2.86,0.39,1.72,3.63,2.2,1.4299999999999997,99,2.71,79,49,558,79,0.53,0.13,0,1,0.078,0.189,0.724,0.065,0.195,194,19.3,0,9380,2.03,0,0.026,0.138,0,0,0.039,0.122,0.147,0.223,0.174,0.053,0.035,0.129,0.108,0.161,0.162,,,,Group B,"spinach, raw",91.4,267.44186046511646,33.25581395348839,4.534883720930235,20.00000000000001,16.627906976744196,25.581395348837226,1151.1627906976753,31.511627906976763,918.6046511627912,569.7674418604655,6488.37209302326,918.6046511627912,6.162790697674423,1.511627906976745,0,0.011627906976744195,0.9069767441860471,2.1976744186046524,8.418604651162797,0.7558139534883725,2.2674418604651176,2.2558139534883734,224.41860465116298,0,109069.76744186055,23.60465116279071,0,0.30232558139534904,1.604651162790699,0,0,0.45348837209302356,1.4186046511627917,1.7093023255813962,2.5930232558139554,2.0232558139534893,0.6162790697674422,0.40697674418604685,1.5000000000000009,1.2558139534883728,1.8720930232558153,1.8837209302325595,Vegetables
"kale, raw",89.6,35,2.92,1.49,1.54,4.42,4.1,0.3200000000000003,254,1.6,33,55,348,53,0.39,0.053,0,0.9,0.113,0.347,1.18,0.37,0.147,62,0.5,0,4810,0.66,0,0.291,0.378,0,0,0.035,0.131,0.175,0.205,0.175,0.029,0.038,0.15,0.103,0.159,0.163,,,,Group B,"kale, raw",89.6,336.5384615384614,28.07692307692306,14.326923076923068,14.8076923076923,3.076923076923078,39.4230769230769,2442.307692307691,15.384615384615378,317.3076923076921,528.8461538461536,3346.1538461538444,509.6153846153843,3.749999999999998,0.5096153846153844,0,0.008653846153846149,1.086538461538461,3.3365384615384595,11.34615384615384,3.5576923076923053,1.4134615384615377,0.5961538461538458,4.807692307692305,0,46249.99999999998,6.346153846153843,0,2.7980769230769216,3.634615384615383,0,0,0.3365384615384614,1.2596153846153841,1.6826923076923066,1.9711538461538451,1.6826923076923066,0.2788461538461537,0.36538461538461514,1.4423076923076916,0.9903846153846149,1.528846153846153,1.5673076923076914,Vegetables
"Broccoli, raw",89.3,34,2.82,0.37,0.87,6.64,2.6,4.039999999999999,47,0.73,21,66,316,33,0.41,0.049,0,2.5,0.071,0.117,0.639,0.573,0.175,63,18.7,0,623,0.78,0,0.049,0.063,0,0,0.033,0.088,0.079,0.129,0.135,0.038,0.028,0.117,0.05,0.125,0.191,,,,Group B,"Broccoli, raw",89.3,317.7570093457943,26.355140186915882,3.457943925233644,8.130841121495324,37.75700934579437,24.29906542056074,439.252336448598,6.822429906542054,196.26168224299062,616.8224299065419,2953.271028037382,308.4112149532709,3.8317757009345783,0.4579439252336447,0,0.023364485981308407,0.6635514018691587,1.0934579439252334,5.971962616822428,5.355140186915886,1.6355140186915882,0.5887850467289718,174.76635514018685,0,5822.429906542055,7.289719626168223,0,0.4579439252336447,0.5887850467289718,0,0,0.30841121495327095,0.8224299065420558,0.7383177570093457,1.2056074766355138,1.2616822429906538,0.3551401869158877,0.2616822429906541,1.0934579439252334,0.4672897196261681,1.1682242990654201,1.7850467289719623,Vegetables
"Potatoes raw, skin",83.3,58,2.57,0.1,1.61,12.4,2.5,9.9,30,3.24,23,38,413,10,0.35,0.423,0,0.3,0.021,0.038,1.03,0.302,0.239,17,0,0,0,0,0,0.032,0.01,0,0,0,0,0,0,0,0,0,0,0,0,0,,,,Group C,"Potatoes raw, skin",83.3,347.3053892215568,15.389221556886223,0.5988023952095808,9.640718562874252,59.281437125748496,14.97005988023952,179.6407185628742,19.40119760479042,137.72455089820357,227.54491017964068,2473.0538922155683,59.88023952095808,2.0958083832335324,2.5329341317365266,0,0.001796407185628742,0.12574850299401197,0.22754491017964068,6.167664670658682,1.8083832335329337,1.431137724550898,0.10179640718562873,0,0,0,0,0,0.19161676646706585,0.05988023952095807,0,0,0,0,0,0,0,0,0,0,0,0,0,Vegetables
"sweet potatoes, raw",77.3,86,1.57,0.05,0.99,20.1,3,17.1,30,0.61,25,47,337,55,0.3,0.151,0,0.6,0.078,0.061,0.557,0.8,0.209,11,12.3,0,14200,0.26,0,0.013,0.001,0,0,0.031,0.083,0.055,0.092,0.066,0.029,0.022,0.089,0.034,0.086,0.055,,,,Group C,"sweet potatoes, raw",77.3,378.8546255506608,6.916299559471365,0.22026431718061673,4.361233480176211,75.33039647577093,13.215859030837002,132.15859030837004,2.687224669603524,110.13215859030836,207.0484581497797,1484.5814977973566,242.29074889867837,1.3215859030837003,0.6651982378854625,0,0.0026431718061674003,0.3436123348017621,0.2687224669603524,2.4537444933920702,3.5242290748898677,0.9207048458149778,0.04845814977973568,54.18502202643172,0,62555.066079295146,1.1453744493392068,0,0.057268722466960346,0.004405286343612334,0,0,0.13656387665198236,0.3656387665198238,0.2422907488986784,0.4052863436123348,0.2907488986784141,0.1277533039647577,0.09691629955947136,0.39207048458149774,0.14977973568281935,0.3788546255506607,0.2422907488986784,Vegetables
"lentils, raw",7.82,358,23.9,2.17,3,63.1,10.8,52.3,48,7.39,59,294,668,7,3.6,1.3,0,0,0.51,0.106,1.5,0.348,0.403,204,0,0,58,0,0,0.886,0.25,0,0,0.223,0.895,1.08,1.81,1.74,0.212,0.327,1.23,0.667,1.24,1.93,,,,Group B,"lentils, raw",7.82,388.37057930136683,25.92753308743762,2.354089824256888,3.2545020611846387,56.73681926665219,11.716207420264698,52.07203297895422,8.016923410718158,64.00520720329789,318.94120199609455,724.6691256237795,7.593838142764156,3.905402473421566,1.4102842265133433,0,0,0.5532653504013886,0.11499240616185723,1.6272510305923193,0.37752223909741806,0.4371881102191365,0.22130614016055544,0,0,62.92037318290301,0,0,0.9611629420698632,0.27120850509871985,0,0,0.24191798654805813,0.9709264482534171,1.17162074202647,1.9635495769147318,1.8876111954870902,0.22998481232371445,0.3547407246691256,1.3343458450857018,0.7235842916033847,1.3451941852896505,2.0937296593621175,Vegetables
"chickpeas, raw",7.68,378,20.5,6.04,2.85,63,12.2,50.8,57,4.31,79,252,718,24,2.76,0.656,0,0,0.477,0.212,1.54,1.59,0.535,557,99.3,0,67,0.82,0,2.63,0.102,0,0,0.2,0.766,0.882,1.46,1.38,0.27,0.279,1.1,0.512,0.865,1.94,,,,Group B,"chickpeas, raw",7.68,409.44540727902944,22.205372616984402,6.542461005199307,3.087088388214905,55.02599653379549,13.214904679376083,61.741767764298096,4.668544194107453,85.57192374350088,272.96360485268633,777.7296360485269,25.99653379549394,2.9896013864818025,0.7105719237435009,0,0,0.516681109185442,0.22963604852686312,1.6681109185441942,1.7222703639514736,0.5795060658578857,0.6033362218370885,107.56065857885615,0,72.5736568457539,0.888214904679376,0,2.848786828422877,0.11048526863084922,0,0,0.21663778162911615,0.8297227036395148,0.9553726169844021,1.5814558058925479,1.4948006932409013,0.2924610051993068,0.30220970537261704,1.1915077989601388,0.5545927209705372,0.9369584055459272,2.101386481802426,Vegetables
"Brussels sprouts, raw",86,43,3.38,0.3,1.37,8.95,3.8,5.1499999999999995,42,1.4,23,69,389,25,0.42,0.07,0,1.6,0.139,0.09,0.745,0.309,0.219,61,19.1,0,754,0.88,0,0.045,0.099,0,0,0.037,0.12,0.132,0.152,0.154,0.032,0.022,0.098,0,0.155,0.203,,,,group B,"Brussels sprouts, raw",86,307.14285714285717,24.142857142857142,2.142857142857143,9.785714285714286,36.785714285714285,27.142857142857142,300,10,164.28571428571428,492.8571428571429,2778.5714285714284,178.57142857142858,3,0.5,0,0.011428571428571429,0.9928571428571429,0.6428571428571428,5.321428571428571,2.2071428571428573,1.5642857142857143,0.43571428571428567,136.42857142857144,0,5385.714285714285,6.2857142857142865,0,0.3214285714285714,0.7071428571428572,0,0,0.26428571428571423,0.8571428571428572,0.9428571428571428,1.0857142857142856,1.0999999999999999,0.2285714285714286,0.15714285714285714,0.7000000000000001,1.107142857142857,1.4500000000000002,0.2198873483535529,Vegetables
"Celery, raw",95.4,14,0.69,0.17,0.75,2.97,1.6,1.37,40,0.2,11,24,260,80,0.13,0.035,0,0.4,0.021,0.057,0.32,0.246,0.074,36,6.1,0,449,0.27,0,0.079,0,0,0,0.009,0.02,0.021,0.032,0.027,0.005,0.004,0.02,0.009,0.027,0.02,,,,Group B,"Celery, raw",95.4,304.3478260869569,15.000000000000016,3.6956521739130483,16.304347826086975,29.782608695652215,34.782608695652215,869.5652173913054,4.347826086956527,239.130434782609,521.7391304347832,5652.173913043485,1739.1304347826108,2.826086956521743,0.7608695652173922,0,0.008695652173913054,0.45652173913043537,1.2391304347826104,6.9565217391304435,5.347826086956528,1.6086956521739149,0.782608695652175,132.60869565217408,0,9760.869565217403,5.869565217391312,0,1.7173913043478282,0,0,0,0.1956521739130437,0.4347826086956527,0.45652173913043537,0.6956521739130443,0.5869565217391312,0.10869565217391318,0.08695652173913054,0.4347826086956527,0.1956521739130437,0.5869565217391312,0.4347826086956527,Vegetables
Unnamed: 16,,,,,,,,0.0,,,,,,,,,,,,,,,,,,,,,,,,,,,,,,,,,,,,,,,,,,0.0,0.0,0.0,0.0,0.0,0.0,0.0,0.0,0.0,0.0,0.0,0.0,0.0,0.0,0.0,0.0,0.0,0.0,0.0,0.0,0.0,0.0,0.0,0.0,0.0,0.0,0.0,0.0,0.0,0.0,0.0,0.0,0.0,0.0,0.0,0.0,0.0,0.0,0.0,0.0,0.0,0.0,0.0,Vegetables
Unnamed: 17,,,,,,,,0.0,,,,,,,,,,,,,,,,,,,,,,,,,,,,,,,,,,,,,,,,,,0.0,0.0,0.0,0.0,0.0,0.0,0.0,0.0,0.0,0.0,0.0,0.0,0.0,0.0,0.0,0.0,0.0,0.0,0.0,0.0,0.0,0.0,0.0,0.0,0.0,0.0,0.0,0.0,0.0,0.0,0.0,0.0,0.0,0.0,0.0,0.0,0.0,0.0,0.0,0.0,0.0,0.0,0.0,Vegetables
Unnamed: 18,,,,,,,,0.0,,,,,,,,,,,,,,,,,,,,,,,,,,,,,,,,,,,,,,,,,,0.0,0.0,0.0,0.0,0.0,0.0,0.0,0.0,0.0,0.0,0.0,0.0,0.0,0.0,0.0,0.0,0.0,0.0,0.0,0.0,0.0,0.0,0.0,0.0,0.0,0.0,0.0,0.0,0.0,0.0,0.0,0.0,0.0,0.0,0.0,0.0,0.0,0.0,0.0,0.0,0.0,0.0,0.0,Vegetables
Unnamed: 19,,,,,,,,0.0,,,,,,,,,,,,,,,,,,,,,,,,,,,,,,,,,,,,,,,,,,0.0,0.0,0.0,0.0,0.0,0.0,0.0,0.0,0.0,0.0,0.0,0.0,0.0,0.0,0.0,0.0,0.0,0.0,0.0,0.0,0.0,0.0,0.0,0.0,0.0,0.0,0.0,0.0,0.0,0.0,0.0,0.0,0.0,0.0,0.0,0.0,0.0,0.0,0.0,0.0,0.0,0.0,0.0,Vegetables
Unnamed: 20,,,,,,,,0.0,,,,,,,,,,,,,,,,,,,,,,,,,,,,,,,,,,,,,,,,,,0.0,0.0,0.0,0.0,0.0,0.0,0.0,0.0,0.0,0.0,0.0,0.0,0.0,0.0,0.0,0.0,0.0,0.0,0.0,0.0,0.0,0.0,0.0,0.0,0.0,0.0,0.0,0.0,0.0,0.0,0.0,0.0,0.0,0.0,0.0,0.0,0.0,0.0,0.0,0.0,0.0,0.0,0.0,Vegetables
Unnamed: 21,,,,,,,,0.0,,,,,,,,,,,,,,,,,,,,,,,,,,,,,,,,,,,,,,,,,,0.0,0.0,0.0,0.0,0.0,0.0,0.0,0.0,0.0,0.0,0.0,0.0,0.0,0.0,0.0,0.0,0.0,0.0,0.0,0.0,0.0,0.0,0.0,0.0,0.0,0.0,0.0,0.0,0.0,0.0,0.0,0.0,0.0,0.0,0.0,0.0,0.0,0.0,0.0,0.0,0.0,0.0,0.0,Vegetables
Unnamed: 22,,,,,,,,0.0,,,,,,,,,,,,,,,,,,,,,,,,,,,,,,,,,,,,,,,,,,0.0,0.0,0.0,0.0,0.0,0.0,0.0,0.0,0.0,0.0,0.0,0.0,0.0,0.0,0.0,0.0,0.0,0.0,0.0,0.0,0.0,0.0,0.0,0.0,0.0,0.0,0.0,0.0,0.0,0.0,0.0,0.0,0.0,0.0,0.0,0.0,0.0,0.0,0.0,0.0,0.0,0.0,0.0,Vegetables
Unnamed: 23,,,,,,,,0.0,,,,,,,,,,,,,,,,,,,,,,,,,,,,,,,,,,,,,,,,,,0.0,0.0,0.0,0.0,0.0,0.0,0.0,0.0,0.0,0.0,0.0,0.0,0.0,0.0,0.0,0.0,0.0,0.0,0.0,0.0,0.0,0.0,0.0,0.0,0.0,0.0,0.0,0.0,0.0,0.0,0.0,0.0,0.0,0.0,0.0,0.0,0.0,0.0,0.0,0.0,0.0,0.0,0.0,Vegetables
Unnamed: 24,,,,,,,,0.0,,,,,,,,,,,,,,,,,,,,,,,,,,,,,,,,,,,,,,,,,,0.0,0.0,0.0,0.0,0.0,0.0,0.0,0.0,0.0,0.0,0.0,0.0,0.0,0.0,0.0,0.0,0.0,0.0,0.0,0.0,0.0,0.0,0.0,0.0,0.0,0.0,0.0,0.0,0.0,0.0,0.0,0.0,0.0,0.0,0.0,0.0,0.0,0.0,0.0,0.0,0.0,0.0,0.0,Vegetables
Unnamed: 25,,,,,,,,0.0,,,,,,,,,,,,,,,,,,,,,,,,,,,,,,,,,,,,,,,,,,0.0,0.0,0.0,0.0,0.0,0.0,0.0,0.0,0.0,0.0,0.0,0.0,0.0,0.0,0.0,0.0,0.0,0.0,0.0,0.0,0.0,0.0,0.0,0.0,0.0,0.0,0.0,0.0,0.0,0.0,0.0,0.0,0.0,0.0,0.0,0.0,0.0,0.0,0.0,0.0,0.0,0.0,0.0,Vegetables
Unnamed: 1,,,,,,,,,,,,,,,,,,,,,,,,,,,,,,,,,,,,,,,,,,,,,,,,,,g,kcal,g,g,g,g,g,mg,mg,mg,mg,mg,mg,mg,mg,mg,mg,mg,mg,mg,mg,mg,mg,mg,mg,IU,mg,IU,g,g,g,g,g,g,g,g,g,g,g,g,g,g,g,oils
codliver oil,0,902,0,100,0,0,0,0,0,0,0,0,0,0,0,0,0,0,0,0,0,0,0,0,0,0,100000,0,10000,0.935,0.935,6.9,11,0,0,0,0,0,0,0,0,0,0,0,,,,,codliver oil,0,902,0,100,0,0,0,0,0,0,0,0,0,0,0,0,0,0,0,0,0,0,0,0,0,100000,0,10000,0.935,0.935,6.9,11,0,0,0,0,0,0,0,0,0,0,0,oils
fish oil ,0,902,0,100,0,0,0,0,0,0,0,0,0,0,0,0,0,0,0,0,0,0,0,0,0,0,0,0,0,1.54,1.06,13,18.2,0,0,0,0,0,0,0,0,0,0,0,,,,,fish oil,0,902,0,100,0,0,0,0,0,0,0,0,0,0,0,0,0,0,0,0,0,0,0,0,0,0,0,0,1.54,1.06,13,18.2,0,0,0,0,0,0,0,0,0,0,0,oils
wheatgerm oil,0,884,0,100,0,0,0,0,0,0,0,0,0,0,0,0,0,0,0,0,0,0,0,0,0,0,0,149,0,54.8,6.9,0,0,0,0,0,0,0,0,0,0,0,0,0,,,,,wheatgerm oil ,0,884,0,100,0,0,0,0,0,0,0,0,0,0,0,0,0,0,0,0,0,0,0,0,0,0,149,0,54.79999999999999,6.9,0,0,0,0,0,0,0,0,0,0,0,0,0,oils
sunflower oil,0,884,0,100,0,0,0,0,0,0,0,0,0,0,0,0,0,0,0,0,0,0,0,0,0,0,0,41.1,0,65.7,0,0,0,0,0,0,0,0,0,0,0,0,0,0,,,,,sunflower oil ,0,884,0,100,0,0,0,0,0,0,0,0,0,0,0,0,0,0,0,0,0,0,0,0,0,0,41.1,0,65.7,0,0,0,0,0,0,0,0,0,0,0,0,0,0,oils
flaxseed oil ,0,884,0,100,0,0,0,0,0,0,0,0,0,0,0,0,0,0,0,0,0,0,0,0,0,0,0,0.47,0,14.3,54.3,0,0,0,0,0,0,0,0,0,0,0,0,0,,,,,flaxseed oil ,0,884,0,100,0,0,0,0,0,0,0,0,0,0,0,0,0,0,0,0,0,0,0,0,0,0,0.4699999999999999,0,14.3,54.29999999999999,0,0,0,0,0,0,0,0,0,0,0,0,0,oils
coconut oil ,0,884,0,100,0,0,0,0,0,0,0,0,0,0,0,0,0,0,0,0,0,0,0,0,0,0,0,0.11,0,1.68,0.02,0,0,0,0,0,0,0,0,0,0,0,0,0,,,,,coconut oil ,0,884,0,100,0,0,0,0,0,0,0,0,0,0,0,0,0,0,0,0,0,0,0,0,0,0,0.11,0,1.68,0.02,0,0,0,0,0,0,0,0,0,0,0,0,0,oils
chicken skin,44.9,440,9.58,44.2,0.49,0.79,0,0.79,6,0.37,8,95,119,51,0.65,0.038,0,10.1,0.04,0.032,2.56,0.61,0.116,2,28.3,0.65,196,0.27,6,8.29,0.441,0.007,0.007,0.047,0.304,0.271,0.528,0.548,0.162,0.08,0.291,0.226,0.341,0.682,,,,,chicken skin,44.9,798.5480943738656,17.38656987295826,80.21778584392015,0.8892921960072594,1.4337568058076224,0,10.88929219600726,0.6715063520871143,14.519056261343014,172.41379310344826,215.9709618874773,92.5589836660617,1.17967332123412,0.06896551724137931,0,0.018330308529945553,0.07259528130671505,0.058076225045372055,4.646098003629763,1.1070780399274047,0.21052631578947367,0.0036297640653357535,51.36116152450091,0.00117967332123412,355.71687840290383,0.4900181488203267,10.88929219600726,15.045372050816693,0.8003629764065335,0.012704174228675136,0.012704174228675136,0.0852994555353902,0.5517241379310345,0.49183303085299457,0.9582577132486388,0.9945553539019963,0.29401088929219604,0.1451905626134301,0.528130671506352,0.4101633393829401,0.6188747731397459,1.2377495462794919,oils
"egg yolk, raw",52.3,322,15.9,26.5,1.71,3.59,0,3.59,129,2.73,5,390,109,48,2.3,0.077,0,56,0.176,0.528,0.024,2.99,0.35,146,820,1.95,1440,2.58,218,3.54,0.103,0.011,0.114,0.177,0.687,0.866,1.4,1.22,0.378,0.264,0.681,0.678,0.949,1.1,,,,,"egg yolk, raw",52.3,675.0524109014675,33.33333333333333,55.55555555555555,3.5849056603773586,7.526205450733752,0,270.44025157232704,5.7232704402515715,10.482180293501047,817.6100628930817,228.51153039832286,100.62893081761007,4.821802935010481,0.16142557651991615,0,0.11740041928721175,0.36897274633123683,1.1069182389937107,0.05031446540880503,6.268343815513627,0.7337526205450733,0.3060796645702306,1719.077568134172,0.004088050314465409,3018.8679245283015,5.408805031446541,457.0230607966457,7.421383647798742,0.21593291404612158,0.023060796645702302,0.2389937106918239,0.371069182389937,1.4402515723270441,1.8155136268343814,2.935010482180293,2.5576519916142555,0.7924528301886792,0.5534591194968553,1.427672955974843,1.421383647798742,1.9895178197064989,2.3060796645702304,oils
salmon oil,0,902,0,0,0,0,0,0,0,0,0,0,0,0,0,0,0,0,0,0,0,0,0,0,0,0,0,0,0,1.54,1.06,13,18.2,0,0,0,0,0,0,0,0,0,0,0,,,,,Salmon oil,0,902,0,0,0,0,0,0,0,0,0,0,0,0,0,0,0,0,0,0,0,0,0,0,0,0,0,0,1.54,1.06,13,18.2,0,0,0,0,0,0,0,0,0,0,0,oils
Almond oil,0,884,0,0,0,0,0,0,0,0,0,0,0,0,0,0,0,0,0,0,0,0,0,0,0,0,0,39.2,0,17.4,0,0,0,0,0,0,0,0,0,0,0,0,0,0,,,,,Almond oil ,0,884,0,0,0,0,0,0,0,0,0,0,0,0,0,0,0,0,0,0,0,0,0,0,0,0,39.2,0,17.4,0,0,0,0,0,0,0,0,0,0,0,0,0,0,oils
Avocado oil,0,884,0,0,0,0,0,0,0,0,0,0,0,0,0,0,0,0,0,0,0,0,0,0,0,0,0,0,0,12.5,0.97,0,0,0,0,0,0,0,0,0,0,0,0,0,,,,,Acocado oil,0,884,0,0,0,0,0,0,0,0,0,0,0,0,0,0,0,0,0,0,0,0,0,0,0,0,0,0,12.5,0.97,0,0,0,0,0,0,0,0,0,0,0,0,0,oils
olice oil,0,884,0,0,0,0,0,0,0,0,0,0,0,0,0,0,0,0,0,0,0,0,0,0,0,0,0,20.9,0,9.71,0.6,0,0,0,0,0,0,0,0,0,0,0,0,0,,,,,olive oil,0,884,0,0,0,0,0,0,0,0,0,0,0,0,0,0,0,0,0,0,0,0,0,0,0,0,20.9,0,9.71,0.6,0,0,0,0,0,0,0,0,0,0,0,0,0,oils
Unnamed: 14,,,,,,,,0.0,,,,,,,,,,,,,,,,,,,,,,,,,,,,,,,,,,,,,,,,,,0.0,0.0,0.0,0.0,0.0,0.0,0.0,0.0,0.0,0.0,0.0,0.0,0.0,0.0,0.0,0.0,0.0,0.0,0.0,0.0,0.0,0.0,0.0,0.0,0.0,0.0,0.0,0.0,0.0,0.0,0.0,0.0,0.0,0.0,0.0,0.0,0.0,0.0,0.0,0.0,0.0,0.0,0.0,oils
Unnamed: 15,,,,,,,,0.0,,,,,,,,,,,,,,,,,,,,,,,,,,,,,,,,,,,,,,,,,,0.0,0.0,0.0,0.0,0.0,0.0,0.0,0.0,0.0,0.0,0.0,0.0,0.0,0.0,0.0,0.0,0.0,0.0,0.0,0.0,0.0,0.0,0.0,0.0,0.0,0.0,0.0,0.0,0.0,0.0,0.0,0.0,0.0,0.0,0.0,0.0,0.0,0.0,0.0,0.0,0.0,0.0,0.0,oils
Unnamed: 16,,,,,,,,0.0,,,,,,,,,,,,,,,,,,,,,,,,,,,,,,,,,,,,,,,,,,0.0,0.0,0.0,0.0,0.0,0.0,0.0,0.0,0.0,0.0,0.0,0.0,0.0,0.0,0.0,0.0,0.0,0.0,0.0,0.0,0.0,0.0,0.0,0.0,0.0,0.0,0.0,0.0,0.0,0.0,0.0,0.0,0.0,0.0,0.0,0.0,0.0,0.0,0.0,0.0,0.0,0.0,0.0,oils
Unnamed: 17,,,,,,,,0.0,,,,,,,,,,,,,,,,,,,,,,,,,,,,,,,,,,,,,,,,,,0.0,0.0,0.0,0.0,0.0,0.0,0.0,0.0,0.0,0.0,0.0,0.0,0.0,0.0,0.0,0.0,0.0,0.0,0.0,0.0,0.0,0.0,0.0,0.0,0.0,0.0,0.0,0.0,0.0,0.0,0.0,0.0,0.0,0.0,0.0,0.0,0.0,0.0,0.0,0.0,0.0,0.0,0.0,oils
Unnamed: 18,,,,,,,,0.0,,,,,,,,,,,,,,,,,,,,,,,,,,,,,,,,,,,,,,,,,,0.0,0.0,0.0,0.0,0.0,0.0,0.0,0.0,0.0,0.0,0.0,0.0,0.0,0.0,0.0,0.0,0.0,0.0,0.0,0.0,0.0,0.0,0.0,0.0,0.0,0.0,0.0,0.0,0.0,0.0,0.0,0.0,0.0,0.0,0.0,0.0,0.0,0.0,0.0,0.0,0.0,0.0,0.0,oils
Unnamed: 19,,,,,,,,0.0,,,,,,,,,,,,,,,,,,,,,,,,,,,,,,,,,,,,,,,,,,0.0,0.0,0.0,0.0,0.0,0.0,0.0,0.0,0.0,0.0,0.0,0.0,0.0,0.0,0.0,0.0,0.0,0.0,0.0,0.0,0.0,0.0,0.0,0.0,0.0,0.0,0.0,0.0,0.0,0.0,0.0,0.0,0.0,0.0,0.0,0.0,0.0,0.0,0.0,0.0,0.0,0.0,0.0,oils
Unnamed: 20,,,,,,,,0.0,,,,,,,,,,,,,,,,,,,,,,,,,,,,,,,,,,,,,,,,,,0.0,0.0,0.0,0.0,0.0,0.0,0.0,0.0,0.0,0.0,0.0,0.0,0.0,0.0,0.0,0.0,0.0,0.0,0.0,0.0,0.0,0.0,0.0,0.0,0.0,0.0,0.0,0.0,0.0,0.0,0.0,0.0,0.0,0.0,0.0,0.0,0.0,0.0,0.0,0.0,0.0,0.0,0.0,oils
Unnamed: 21,,,,,,,,0.0,,,,,,,,,,,,,,,,,,,,,,,,,,,,,,,,,,,,,,,,,,0.0,0.0,0.0,0.0,0.0,0.0,0.0,0.0,0.0,0.0,0.0,0.0,0.0,0.0,0.0,0.0,0.0,0.0,0.0,0.0,0.0,0.0,0.0,0.0,0.0,0.0,0.0,0.0,0.0,0.0,0.0,0.0,0.0,0.0,0.0,0.0,0.0,0.0,0.0,0.0,0.0,0.0,0.0,oils
Unnamed: 22,,,,,,,,0.0,,,,,,,,,,,,,,,,,,,,,,,,,,,,,,,,,,,,,,,,,,0.0,0.0,0.0,0.0,0.0,0.0,0.0,0.0,0.0,0.0,0.0,0.0,0.0,0.0,0.0,0.0,0.0,0.0,0.0,0.0,0.0,0.0,0.0,0.0,0.0,0.0,0.0,0.0,0.0,0.0,0.0,0.0,0.0,0.0,0.0,0.0,0.0,0.0,0.0,0.0,0.0,0.0,0.0,oils
Unnamed: 23,,,,,,,,0.0,,,,,,,,,,,,,,,,,,,,,,,,,,,,,,,,,,,,,,,,,,0.0,0.0,0.0,0.0,0.0,0.0,0.0,0.0,0.0,0.0,0.0,0.0,0.0,0.0,0.0,0.0,0.0,0.0,0.0,0.0,0.0,0.0,0.0,0.0,0.0,0.0,0.0,0.0,0.0,0.0,0.0,0.0,0.0,0.0,0.0,0.0,0.0,0.0,0.0,0.0,0.0,0.0,0.0,oils
Unnamed: 24,,,,,,,,0.0,,,,,,,,,,,,,,,,,,,,,,,,,,,,,,,,,,,,,,,,,,0.0,0.0,0.0,0.0,0.0,0.0,0.0,0.0,0.0,0.0,0.0,0.0,0.0,0.0,0.0,0.0,0.0,0.0,0.0,0.0,0.0,0.0,0.0,0.0,0.0,0.0,0.0,0.0,0.0,0.0,0.0,0.0,0.0,0.0,0.0,0.0,0.0,0.0,0.0,0.0,0.0,0.0,0.0,oils
Unnamed: 25,,,,,,,,0.0,,,,,,,,,,,,,,,,,,,,,,,,,,,,,,,,,,,,,,,,,,0.0,0.0,0.0,0.0,0.0,0.0,0.0,0.0,0.0,0.0,0.0,0.0,0.0,0.0,0.0,0.0,0.0,0.0,0.0,0.0,0.0,0.0,0.0,0.0,0.0,0.0,0.0,0.0,0.0,0.0,0.0,0.0,0.0,0.0,0.0,0.0,0.0,0.0,0.0,0.0,0.0,0.0,0.0,oils
Unnamed: 26,,,,,,,,0.0,,,,,,,,,,,,,,,,,,,,,,,,,,,,,,,,,,,,,,,,,,0.0,0.0,0.0,0.0,0.0,0.0,0.0,0.0,0.0,0.0,0.0,0.0,0.0,0.0,0.0,0.0,0.0,0.0,0.0,0.0,0.0,0.0,0.0,0.0,0.0,0.0,0.0,0.0,0.0,0.0,0.0,0.0,0.0,0.0,0.0,0.0,0.0,0.0,0.0,0.0,0.0,0.0,0.0,oils
Unnamed: 1,nutrients ,,,,,,,,,,,,,,,,,,,,,,,,,,,,,,,,,,,,,,,,,,,,,,,,,g,kcal,g,g,g,g,g,mg,mg,mg,mg,mg,mg,mg,mg,mg,mg,mg,mg,mg,mg,mg,mg,mg,mg,IU,mg,IU,g,g,g,g,g,g,g,g,g,g,g,g,g,g,g,Fruits
"apple with kin, raw",85.6,52,0.26,0.17,0.19,13.8,2.4,11.4,6,0.12,5,11,107,1,0.04,0.027,0,0,0.017,0.026,0.091,0.061,0.041,3,3.4,0,54,0.18,0,0.043,0.009,0,0,0.001,0.006,0.006,0.013,0.012,0.001,0.001,0.006,0.001,0.012,0.006,,,,,"apple with kin, raw",85.6,361.111111111111,1.8055555555555551,1.1805555555555551,1.319444444444444,79.16666666666664,16.66666666666666,41.66666666666665,0.8333333333333329,34.72222222222221,76.38888888888886,743.0555555555553,6.944444444444442,0.2777777777777777,0.18749999999999992,0,0,0.11805555555555551,0.18055555555555547,0.6319444444444442,0.423611111111111,0.2847222222222221,0.020833333333333325,23.611111111111104,0,374.9999999999999,1.2499999999999993,0,0.29861111111111094,0.06249999999999997,0,0,0.0069444444444444415,0.04166666666666665,0.04166666666666665,0.09027777777777773,0.0833333333333333,0.0069444444444444415,0.0069444444444444415,0.04166666666666665,0.0069444444444444415,0.0833333333333333,0.04166666666666665,Fruits
"blueberry, raw",84.2,57,0.74,0.33,0.24,14.5,2.4,12.1,6,0.28,6,12,77,1,0.16,0.057,0,0.1,0.037,0.041,0.418,0.124,0.052,6,6,0,54,0.57,0,0.088,0.058,0,0,0.003,0.02,0.023,0.044,0.013,0.012,0.008,0.026,0.009,0.031,0.037,,,,,"blueberry, raw",84.2,360.7594936708861,4.683544303797469,2.0886075949367093,1.5189873417721522,76.58227848101266,15.189873417721522,37.97468354430381,1.7721518987341776,37.97468354430381,75.94936708860762,487.34177215189885,6.329113924050635,1.0126582278481016,0.36075949367088617,0,0.0006329113924050634,0.23417721518987347,0.259493670886076,2.645569620253165,0.7848101265822786,0.32911392405063294,0.037974683544303806,37.97468354430381,0,341.77215189873425,3.6075949367088613,0,0.5569620253164558,0.3670886075949368,0,0,0.018987341772151903,0.1265822784810127,0.14556962025316458,0.2784810126582279,0.08227848101265824,0.07594936708860761,0.050632911392405076,0.16455696202531647,0.0569620253164557,0.19620253164556964,0.23417721518987347,Fruits
strawberry ,91,32,0.67,0.3,0.4,7.68,2,5.68,16,0.41,13,24,153,1,0.14,0.048,0,0.4,0.024,0.022,0.386,0.125,0.047,24,5.7,0,12,0.29,0,0.09,0.065,0,0,0.008,0.02,0.016,0.034,0.026,0.002,0.006,0.019,0.022,0.019,0.028,,,,,strawberry ,91,355.55555555555554,7.4444444444444455,3.3333333333333335,4.444444444444445,63.11111111111111,22.22222222222222,177.77777777777777,4.555555555555555,144.44444444444443,266.66666666666663,1700,11.11111111111111,1.5555555555555556,0.5333333333333333,0,0.0044444444444444444,0.26666666666666666,0.24444444444444444,4.28888888888889,1.3888888888888888,0.5222222222222221,0.2666666666666666,63.33333333333333,0,133.33333333333331,3.2222222222222223,0,1,0.7222222222222223,0,0,0.08888888888888889,0.2222222222222222,0.17777777777777778,0.37777777777777777,0.28888888888888886,0.022222222222222223,0.06666666666666667,0.21111111111111108,0.24444444444444444,0.21111111111111108,0.3111111111111111,Fruits
"cranberries, raw",87.3,46,0.46,0.13,0.12,12,3.6,8.4,8,0.23,6,11,80,2,0.09,0.056,0,0.1,0.012,0.02,0.101,0.295,0.057,1,5.5,0,63,1.32,0,0.033,0.022,0,0,0.003,0.028,0.033,0.053,0.039,0.003,0.003,0.036,0.032,0.045,0.056,,,,,"cranberries, raw",87.3,362.2047244094488,3.6220472440944875,1.0236220472440942,0.9448818897637793,66.14173228346456,28.346456692913378,62.992125984251956,1.8110236220472438,47.24409448818896,86.61417322834643,629.9212598425196,15.748031496062989,0.7086614173228345,0.4409448818897637,0,0.0007874015748031494,0.09448818897637794,0.1574803149606299,0.795275590551181,2.3228346456692908,0.4488188976377952,0.007874015748031494,43.307086614173215,0,496.0629921259842,10.393700787401574,0,0.25984251968503935,0.17322834645669286,0,0,0.023622047244094484,0.22047244094488186,0.25984251968503935,0.41732283464566916,0.3070866141732283,0.023622047244094484,0.023622047244094484,0.2834645669291338,0.2519685039370078,0.35433070866141725,0.4409448818897637,Fruits
Banana,74.9,89,1.09,0.33,0.82,22.8,2.6,20.2,5,0.26,27,22,358,1,0.15,0.078,0,1,0.031,0.073,0.665,0.334,0.367,20,9.8,0,0,64,0.1,0.046,0.027,0,0,0.009,0.028,0.028,0.068,0.05,0.008,0.009,0.049,0.009,0.047,0.049,,,,,Banana,74.9,354.581673306773,4.342629482071715,1.314741035856574,3.2669322709163353,80.47808764940241,10.358565737051796,19.920318725099605,1.0358565737051795,107.56972111553786,87.64940239043827,1426.2948207171319,3.9840637450199208,0.5976095617529881,0.31075697211155384,0,0.003984063745019921,0.12350597609561756,0.29083665338645426,2.6494023904382478,1.3306772908366538,1.462151394422311,0.07968127490039842,39.04382470119523,0,0,254.98007968127493,0.3984063745019921,0.18326693227091637,0.10756972111553788,0,0,0.03585657370517929,0.1115537848605578,0.1115537848605578,0.2709163346613547,0.19920318725099606,0.03187250996015937,0.03585657370517929,0.19521912350597614,0.03585657370517929,0.18725099601593628,0.19521912350597614,Fruits
Mangos,83.5,60,0.82,0.38,0.36,15,1.6,13.4,11,0.16,10,14,168,1,0.09,0.111,0,0.6,0.028,0.038,0.669,0.197,0.119,43,7.6,0,1080,0.9,0,0.019,0.051,0,0,0.013,0.031,0.029,0.05,0.066,0.008,0,0.027,0.016,0.042,0.031,,,,,Mangos,83.5,363.6363636363636,4.969696969696969,2.3030303030303028,2.1818181818181817,81.21212121212122,9.696969696969697,66.66666666666666,0.9696969696969697,60.60606060606061,84.84848484848484,1018.1818181818181,6.0606060606060606,0.5454545454545454,0.6727272727272727,0,0.0036363636363636364,0.1696969696969697,0.2303030303030303,4.054545454545455,1.193939393939394,0.7212121212121212,0.2606060606060606,46.060606060606055,0,6545.454545454545,5.454545454545455,0,0.11515151515151514,0.3090909090909091,0,0,0.07878787878787878,0.1878787878787879,0.17575757575757578,0.30303030303030304,0.4,0.048484848484848485,0,0.16363636363636364,0.09696969696969697,0.2545454545454546,0.1878787878787879,Fruits
"Pineapple, raw",86,50,0.54,0.12,0.22,13.1,1.4,11.7,13,0.29,12,8,109,1,0.12,0.11,0,0.1,0.079,0.032,0.5,0.213,0.112,18,5.5,0,58,0.02,0,0.023,0.017,0,0,0.005,0.019,0.019,0.024,0.026,0.012,0.014,0.021,0.019,0.024,0.019,,,,,"Pineapple, raw",86,357.14285714285717,3.8571428571428577,0.8571428571428572,1.5714285714285716,83.57142857142857,10,92.85714285714286,2.071428571428571,85.71428571428571,57.14285714285714,778.5714285714286,7.142857142857142,0.8571428571428572,0.7857142857142858,0,0.0007142857142857143,0.5642857142857143,0.2285714285714286,3.571428571428571,1.5214285714285714,0.8,0.1285714285714286,39.285714285714285,0,414.28571428571433,0.14285714285714285,0,0.16428571428571428,0.12142857142857144,0,0,0.03571428571428571,0.1357142857142857,0.1357142857142857,0.17142857142857143,0.18571428571428572,0.08571428571428572,0.1,0.15,0.1357142857142857,0.17142857142857143,0.1357142857142857,Fruits
Unnamed: 9,,,,,,,,0.0,,,,,,,,,,,,,,,,,,,,,,,,,,,,,,,,,,,,,,,,,,0.0,0.0,0.0,0.0,0.0,0.0,0.0,0.0,0.0,0.0,0.0,0.0,0.0,0.0,0.0,0.0,0.0,0.0,0.0,0.0,0.0,0.0,0.0,0.0,0.0,0.0,0.0,0.0,0.0,0.0,0.0,0.0,0.0,0.0,0.0,0.0,0.0,0.0,0.0,0.0,0.0,0.0,0.0,Fruits
Unnamed: 10,,,,,,,,0.0,,,,,,,,,,,,,,,,,,,,,,,,,,,,,,,,,,,,,,,,,,0.0,0.0,0.0,0.0,0.0,0.0,0.0,0.0,0.0,0.0,0.0,0.0,0.0,0.0,0.0,0.0,0.0,0.0,0.0,0.0,0.0,0.0,0.0,0.0,0.0,0.0,0.0,0.0,0.0,0.0,0.0,0.0,0.0,0.0,0.0,0.0,0.0,0.0,0.0,0.0,0.0,0.0,0.0,Fruits
Unnamed: 11,,,,,,,,0.0,,,,,,,,,,,,,,,,,,,,,,,,,,,,,,,,,,,,,,,,,,0.0,0.0,0.0,0.0,0.0,0.0,0.0,0.0,0.0,0.0,0.0,0.0,0.0,0.0,0.0,0.0,0.0,0.0,0.0,0.0,0.0,0.0,0.0,0.0,0.0,0.0,0.0,0.0,0.0,0.0,0.0,0.0,0.0,0.0,0.0,0.0,0.0,0.0,0.0,0.0,0.0,0.0,0.0,Fruits
Unnamed: 12,,,,,,,,0.0,,,,,,,,,,,,,,,,,,,,,,,,,,,,,,,,,,,,,,,,,,0.0,0.0,0.0,0.0,0.0,0.0,0.0,0.0,0.0,0.0,0.0,0.0,0.0,0.0,0.0,0.0,0.0,0.0,0.0,0.0,0.0,0.0,0.0,0.0,0.0,0.0,0.0,0.0,0.0,0.0,0.0,0.0,0.0,0.0,0.0,0.0,0.0,0.0,0.0,0.0,0.0,0.0,0.0,Fruits
Unnamed: 13,,,,,,,,0.0,,,,,,,,,,,,,,,,,,,,,,,,,,,,,,,,,,,,,,,,,,0.0,0.0,0.0,0.0,0.0,0.0,0.0,0.0,0.0,0.0,0.0,0.0,0.0,0.0,0.0,0.0,0.0,0.0,0.0,0.0,0.0,0.0,0.0,0.0,0.0,0.0,0.0,0.0,0.0,0.0,0.0,0.0,0.0,0.0,0.0,0.0,0.0,0.0,0.0,0.0,0.0,0.0,0.0,Fruits
Unnamed: 14,,,,,,,,0.0,,,,,,,,,,,,,,,,,,,,,,,,,,,,,,,,,,,,,,,,,,0.0,0.0,0.0,0.0,0.0,0.0,0.0,0.0,0.0,0.0,0.0,0.0,0.0,0.0,0.0,0.0,0.0,0.0,0.0,0.0,0.0,0.0,0.0,0.0,0.0,0.0,0.0,0.0,0.0,0.0,0.0,0.0,0.0,0.0,0.0,0.0,0.0,0.0,0.0,0.0,0.0,0.0,0.0,Fruits
Unnamed: 15,,,,,,,,0.0,,,,,,,,,,,,,,,,,,,,,,,,,,,,,,,,,,,,,,,,,,0.0,0.0,0.0,0.0,0.0,0.0,0.0,0.0,0.0,0.0,0.0,0.0,0.0,0.0,0.0,0.0,0.0,0.0,0.0,0.0,0.0,0.0,0.0,0.0,0.0,0.0,0.0,0.0,0.0,0.0,0.0,0.0,0.0,0.0,0.0,0.0,0.0,0.0,0.0,0.0,0.0,0.0,0.0,Fruits
Unnamed: 16,,,,,,,,0.0,,,,,,,,,,,,,,,,,,,,,,,,,,,,,,,,,,,,,,,,,,0.0,0.0,0.0,0.0,0.0,0.0,0.0,0.0,0.0,0.0,0.0,0.0,0.0,0.0,0.0,0.0,0.0,0.0,0.0,0.0,0.0,0.0,0.0,0.0,0.0,0.0,0.0,0.0,0.0,0.0,0.0,0.0,0.0,0.0,0.0,0.0,0.0,0.0,0.0,0.0,0.0,0.0,0.0,Fruits
Unnamed: 17,,,,,,,,0.0,,,,,,,,,,,,,,,,,,,,,,,,,,,,,,,,,,,,,,,,,,0.0,0.0,0.0,0.0,0.0,0.0,0.0,0.0,0.0,0.0,0.0,0.0,0.0,0.0,0.0,0.0,0.0,0.0,0.0,0.0,0.0,0.0,0.0,0.0,0.0,0.0,0.0,0.0,0.0,0.0,0.0,0.0,0.0,0.0,0.0,0.0,0.0,0.0,0.0,0.0,0.0,0.0,0.0,Fruits
Unnamed: 18,,,,,,,,0.0,,,,,,,,,,,,,,,,,,,,,,,,,,,,,,,,,,,,,,,,,,0.0,0.0,0.0,0.0,0.0,0.0,0.0,0.0,0.0,0.0,0.0,0.0,0.0,0.0,0.0,0.0,0.0,0.0,0.0,0.0,0.0,0.0,0.0,0.0,0.0,0.0,0.0,0.0,0.0,0.0,0.0,0.0,0.0,0.0,0.0,0.0,0.0,0.0,0.0,0.0,0.0,0.0,0.0,Fruits
Unnamed: 19,,,,,,,,0.0,,,,,,,,,,,,,,,,,,,,,,,,,,,,,,,,,,,,,,,,,,0.0,0.0,0.0,0.0,0.0,0.0,0.0,0.0,0.0,0.0,0.0,0.0,0.0,0.0,0.0,0.0,0.0,0.0,0.0,0.0,0.0,0.0,0.0,0.0,0.0,0.0,0.0,0.0,0.0,0.0,0.0,0.0,0.0,0.0,0.0,0.0,0.0,0.0,0.0,0.0,0.0,0.0,0.0,Fruits
Unnamed: 20,,,,,,,,0.0,,,,,,,,,,,,,,,,,,,,,,,,,,,,,,,,,,,,,,,,,,0.0,0.0,0.0,0.0,0.0,0.0,0.0,0.0,0.0,0.0,0.0,0.0,0.0,0.0,0.0,0.0,0.0,0.0,0.0,0.0,0.0,0.0,0.0,0.0,0.0,0.0,0.0,0.0,0.0,0.0,0.0,0.0,0.0,0.0,0.0,0.0,0.0,0.0,0.0,0.0,0.0,0.0,0.0,Fruits
Unnamed: 21,,,,,,,,0.0,,,,,,,,,,,,,,,,,,,,,,,,,,,,,,,,,,,,,,,,,,0.0,0.0,0.0,0.0,0.0,0.0,0.0,0.0,0.0,0.0,0.0,0.0,0.0,0.0,0.0,0.0,0.0,0.0,0.0,0.0,0.0,0.0,0.0,0.0,0.0,0.0,0.0,0.0,0.0,0.0,0.0,0.0,0.0,0.0,0.0,0.0,0.0,0.0,0.0,0.0,0.0,0.0,0.0,Fruits
Unnamed: 22,,,,,,,,0.0,,,,,,,,,,,,,,,,,,,,,,,,,,,,,,,,,,,,,,,,,,0.0,0.0,0.0,0.0,0.0,0.0,0.0,0.0,0.0,0.0,0.0,0.0,0.0,0.0,0.0,0.0,0.0,0.0,0.0,0.0,0.0,0.0,0.0,0.0,0.0,0.0,0.0,0.0,0.0,0.0,0.0,0.0,0.0,0.0,0.0,0.0,0.0,0.0,0.0,0.0,0.0,0.0,0.0,Fruits
Unnamed: 23,,,,,,,,0.0,,,,,,,,,,,,,,,,,,,,,,,,,,,,,,,,,,,,,,,,,,0.0,0.0,0.0,0.0,0.0,0.0,0.0,0.0,0.0,0.0,0.0,0.0,0.0,0.0,0.0,0.0,0.0,0.0,0.0,0.0,0.0,0.0,0.0,0.0,0.0,0.0,0.0,0.0,0.0,0.0,0.0,0.0,0.0,0.0,0.0,0.0,0.0,0.0,0.0,0.0,0.0,0.0,0.0,Fruits
Unnamed: 24,,,,,,,,0.0,,,,,,,,,,,,,,,,,,,,,,,,,,,,,,,,,,,,,,,,,,0.0,0.0,0.0,0.0,0.0,0.0,0.0,0.0,0.0,0.0,0.0,0.0,0.0,0.0,0.0,0.0,0.0,0.0,0.0,0.0,0.0,0.0,0.0,0.0,0.0,0.0,0.0,0.0,0.0,0.0,0.0,0.0,0.0,0.0,0.0,0.0,0.0,0.0,0.0,0.0,0.0,0.0,0.0,Fruits
Unnamed: 25,,,,,,,,0.0,,,,,,,,,,,,,,,,,,,,,,,,,,,,,,,,,,,,,,,,,,0.0,0.0,0.0,0.0,0.0,0.0,0.0,0.0,0.0,0.0,0.0,0.0,0.0,0.0,0.0,0.0,0.0,0.0,0.0,0.0,0.0,0.0,0.0,0.0,0.0,0.0,0.0,0.0,0.0,0.0,0.0,0.0,0.0,0.0,0.0,0.0,0.0,0.0,0.0,0.0,0.0,0.0,0.0,Fruits
Unnamed: 1,nutrients ,,,,,,,,,,,,,,,,,,,,,,,,,,,,,,,,,,,,,,,,,,,,,,,,,g,kcal,g,g,g,g,g,mg,mg,mg,mg,mg,mg,mg,mg,mg,mg,mg,mg,mg,mg,mg,mg,mg,mg,IU,mg,IU,g,g,g,g,g,g,g,g,g,g,g,g,g,g,g,Mixed
Bone emal,0,0,0,0,100,0,0,0,30000,0,286,12000,0,0,0,0,0,0,0,0,0,0,0,0,0,0,0,0,0,0,0,0,0,0,0,0,0,0,0,0,0,0,0,0,,,,,Bone emal,0,0,0,0,100,0,0,30000,0,286,12000,0,0,0,0,0,0,0,0,0,0,0,0,0,0,0,0,0,0,0,0,0,0,0,0,0,0,0,0,0,0,0,0,Mixed
eggshells,0,0,3.931795386158475,0.3510531594784353,94.89468405215646,0,0,0,34222.66800401203,22.066198595787363,290.8726178535607,401.2036108324975,300.9027081243731,501.5045135406218,1.0030090270812437,1.003,0,0,0,0,0,0,0,0,0,0,0,0,0,0,0,0,0,0,0,0,0,0,0,0,0,0,0,0,,,,,eggshells,0,0,13.465052692323543,1.2022368475288878,324.98179469916596,0,0,34222.66800401203,22.066198595787363,290.8726178535607,401.2036108324975,300.9027081243731,501.5045135406218,1.0030090270812437,1.003,0,0,0,0,0,0,0,0,0,0,0,0,0,0,0,0,0,0,0,0,0,0,0,0,0,0,0,0,Mixed
Caclium carbonate ,0,0,0,0,100,0,0,0,40000,0,0,0,0,0,0,0,0,0,0,0,0,0,0,0,0,0,0,0,0,0,0,0,0,0,0,0,0,0,0,0,0,0,0,0,,,,,Caclium carbonate ,0,0,0,0,425.531914893617,0,0,40000,0,0,0,0,0,0,0,0,0,0,0,0,0,0,0,0,0,0,0,0,0,0,0,0,0,0,0,0,0,0,0,0,0,0,0,Mixed
Dicalcium-Phosphate,0,0,0,0,100,0,0,0,23000,0,0,18000,0,0,0,0,0,0,0,0,0,0,0,0,0,0,0,0,0,0,0,0,0,0,0,0,0,0,0,0,0,0,0,0,,,,,Dicalcium-Phosphate,0,0,0,0,100,0,0,23000,0,0,18000,0,0,0,0,0,0,0,0,0,0,0,0,0,0,0,0,0,0,0,0,0,0,0,0,0,0,0,0,0,0,0,0,Mixed
Salt,0.2,0,0,0,99.8,0,0,0,24,0,1,0,8,38800,0.1,0.03,0,0.1,0,0,0,0,0,0,0,0,0,0,0,0,0,0,0,0,0,0,0,0,0,0,0,0,0,0,,,,,Salt,0.2,0,0,0,100,0,0,24.048096192384772,0,1.002004008016032,0,8.016032064128256,38877.75551102205,0.10020040080160322,0.03006012024048096,0,0.00010020040080160322,0,0,0,0,0,0,0,0,0,0,0,0,0,0,0,0,0,0,0,0,0,0,0,0,0,0,Mixed
"Sea salt, low Na with Kcl",0,0,0,0,100,0,0,0,29630,0,0,0,0,16720,0,0,0,0,0,0,0,0,0,0,0,0,0,0,0,0,0,0,0,0,0,0,0,0,0,0,0,0,0,0,,,,,"Sea salt, low Na with Kcl",0,0,0,0,100,0,0,29630,0,0,0,0,16720,0,0,0,0,0,0,0,0,0,0,0,0,0,0,0,0,0,0,0,0,0,0,0,0,0,0,0,0,0,0,Mixed
yeast,5.08,325,40.4,7.61,5.65,41.2,26.9,14.300000000000004,30,2.17,54,637,955,51,7.94,0.436,0,7.9,11,4,40.2,13.5,1.5,2340,32,0.07,0,0,0,0.017,0,0,0,0.54,1.99,1.89,2.92,3.28,0.59,0.5,1.75,1.13,2.31,2.03,,,,,yeast,5.08,342.393594605984,42.56215760640539,8.017277707543194,5.9523809523809526,15.0653181626633,28.33965444584913,31.605562579013906,2.286135693215339,56.89001264222503,671.0914454277286,1006.110408765276,53.72945638432364,8.364938895912347,0.45933417614833544,0,0.008322798145806996,11.588706278971765,4.214075010535188,42.35145385587863,14.222503160556258,1.580278128950695,2.4652338811630847,33.712600084281505,7.37463126843658e-05,0,0,0,0.01790981879477455,0,0,0,0.5689001264222503,2.0965023177412556,1.991150442477876,3.076274757690687,3.4555415086388535,0.6215760640539401,0.5267593763168985,1.8436578171091444,1.1904761904761905,2.433628318584071,2.1386430678466075,Mixed
Blood dry,0,328.69379014989295,93.89721627408993,2.0342612419700212,3.3190578158458246,0,0,0,331.9057815845824,220.55674518201283,214.13276231263382,224.8394004282655,385.43897216274087,386.50963597430405,2.4625267665952886,1.178,0,0.064,0,0,0,0,0,0,0,0,0,0,0,0,0,0,0,0,0,0,0,0,0,0,0,0,0,0,,,,,Blood dry,0,328.69379014989295,93.89721627408993,2.0342612419700212,3.3190578158458246,0,0,331.9057815845824,220.55674518201283,214.13276231263382,224.8394004282655,385.43897216274087,386.50963597430405,2.4625267665952886,1.178,0,6.4e-05,0,0,0,0,0,0,0,0,0,0,0,0,0,0,0,0,0,0,0,0,0,0,0,0,0,0,Mixed
kelp,81.6,43,1.68,0.56,6.61,9.57,1.3,8.27,168,2.85,121,42,89,233,1.23,0.13,19,0.7,0.05,0.15,0.47,0.642,0.002,180,12.8,0,116,0.87,0,0.02,0.004,0.004,0,0.048,0.055,0.076,0.083,0.082,0.025,0.098,0.043,0.026,0.072,0.065,,,,,kelp,81.6,233.695652173913,9.130434782608694,3.0434782608695645,35.92391304347825,44.945652173913025,7.065217391304346,913.0434782608694,15.489130434782606,657.6086956521738,228.26086956521735,483.6956521739129,1266.3043478260865,6.68478260869565,0.7065217391304346,103.26086956521736,0.0038043478260869554,0.27173913043478254,0.8152173913043477,2.5543478260869557,3.489130434782608,0.0108695652173913,0.9782608695652171,69.56521739130433,0,630.4347826086954,4.728260869565216,0,0.108695652173913,0.0217391304347826,0.0217391304347826,0,0.26086956521739124,0.2989130434782608,0.41304347826086946,0.451086956521739,0.44565217391304335,0.13586956521739127,0.5326086956521737,0.23369565217391297,0.14130434782608692,0.3913043478260868,0.3532608695652173,Mixed
boiled egg,74.6,155,12.6,10.6,1.08,1.12,0,1.12,50,1.19,10,172,126,124,1.05,0.013,0,30.8,0.066,0.513,0.064,1.4,0.121,44,294,1.11,520,1.03,87,1.19,0.035,0.005,0.038,0.153,0.604,0.686,1.08,0.904,0.392,0.292,0.668,0.513,0.767,0.755,,,,,boiled egg,74.6,610.2362204724409,49.606299212598415,41.73228346456692,4.251968503937007,4.409448818897637,0,196.85039370078735,4.685039370078739,39.370078740157474,677.1653543307085,496.0629921259842,488.1889763779527,4.133858267716535,0.0511811023622047,0,0.12125984251968502,0.25984251968503935,2.0196850393700783,0.2519685039370078,5.5118110236220454,0.4763779527559054,0.17322834645669286,1157.4803149606296,0.00437007874015748,2047.2440944881885,4.0551181102362195,342.51968503937,4.685039370078739,0.13779527559055116,0.019685039370078736,0.14960629921259838,0.6023622047244094,2.377952755905511,2.700787401574803,4.251968503937007,3.5590551181102352,1.543307086614173,1.1496062992125982,2.6299212598425195,2.0196850393700783,3.0196850393700783,2.9724409448818894,Mixed
Brazilnut,2.26,621,15,57.4,3.63,21.6,6,15.600000000000001,168,2.47,351,707,592,2.5,3.82,1.74,0,280,0,0,0,0,0,0,0,0,0,5.65,0,24.4,0.036,0,0,0,0,0,0,0,0,0,0,0,0,0,,,,,Brazilnut,2.26,635.3591160220994,15.34683855125844,58.72723552281563,3.7139349294045427,15.960712093308782,6.138735420503377,171.88459177409453,2.5271127481072235,359.11602209944755,723.3476570493145,605.6885614896664,2.55780642520974,3.908328217720483,1.780233271945979,0,0.2864743196234909,0,0,0,0,0,0,0,0,0,5.7806425209740135,0,24.964190710047063,0.036832412523020254,0,0,0,0,0,0,0,0,0,0,0,0,0,Mixed
Rice bran,6.13,316,13.4,20.8,9.98,49.7,21,28.700000000000003,57,18.5,781,1680,1480,5,6.04,0.728,0,15.6,2.75,0.284,34,7.39,4.07,63,32.2,0,0,4.92,0,7.14,0.316,0,0,0.108,0.555,0.568,1.02,0.65,0.306,0.317,0.635,0.411,0.881,1.06,,,,,Rice bran,6.13,336.6357728773836,14.275061254927026,22.15830403749867,10.631724725684458,30.574198359433257,22.371364653243848,60.72227548737615,19.708106956429102,832.0017044849259,1789.7091722595078,1576.6485565143282,5.326515393629487,6.43443059550442,0.7755406413124533,0,0.016618728028124,2.9295834664962177,0.30254607435815484,36.22030467668051,7.872589751784381,4.335783530414402,0.06711409395973153,34.302759134973904,0,0,5.241291147331415,0,7.606263982102908,0.3366357728773836,0,0,0.11505273250239692,0.5912432086928732,0.6050921487163097,1.0866091403004154,0.6924470011718334,0.3259827420901246,0.33770107595610954,0.6764674549909448,0.4378395653563438,0.9385320123575156,1.1292212634494514,Mixed
psyllium husk,3,50,2,1,2,88,78,10,184,8.6,23.9,111.00000000000001,967,74,0.29,0,0,0,0,0,0,0,0,0,0,0,0,0,0,0,0,0,0,0,0,0,0,0,0,0,0,0,0,0,,,,,psyllium husk,3,51.546391752577314,2.0618556701030926,1.0309278350515463,2.0618556701030926,10.309278350515463,80.41237113402062,189.69072164948452,8.865979381443298,24.639175257731956,114.43298969072167,996.9072164948453,76.28865979381443,0.29896907216494845,0,0,0,0,0,0,0,0,0,0,0,0,0,0,0,0,0,0,0,0,0,0,0,0,0,0,0,0,0,Mixed
"pumpkin seeds, dried",5.23,559,30.2,49,4.78,10.7,6,4.699999999999999,46,8.82,592,1230,809,7,7.81,1.34,0,9.4,0.273,0.153,4.99,0.75,0.143,58,63,0,16,2.18,0,20.7,0.12,0,0,0.576,0.998,1.28,2.42,1.24,0.603,0.332,1.73,1.09,1.58,5.35,,,,,"pumpkin seeds, dried",5.23,589.849108367627,31.866624459217054,51.70412577819985,5.043790228975414,4.9593753297457,6.331117442228554,48.53856705708558,9.306742640075974,624.6702542998839,1297.8790756568535,853.6456684604833,7.386303682599979,8.241004537300833,1.4139495620977103,0,0.009918750659491401,0.2880658436213992,0.1614434947768281,5.265379339453414,0.7913896802785693,0.15089163237311387,0.061200801941542676,66.47673314339981,0,16.88297984594281,2.300306004009708,0,21.84235517568851,0.12662234884457108,0,0,0.6077872744539411,1.0530758678906829,1.3506383876754247,2.55355070169885,1.3084309380605679,0.6362773029439696,0.3503218318033133,1.8254721958425664,1.150153002004854,1.6671942597868523,5.645246385987127,Mixed
"sunflower seed kernels,",4.73,584,20.8,51.5,3.02,20,8.6,11.4,78,5.25,325,660,645,9,5,1.8,0,53,1.48,0.355,8.34,1.13,1.34,227,55.1,0,50,35.2,0,23,0.06,0.014,0,0.348,0.928,1.14,1.66,0.937,0.494,0.451,1.17,0.666,1.32,2.4,,,,,"sunflower seed kernels,",4.73,612.9946467933243,21.832686050173194,54.05689094153458,3.1699380707463005,11.965991392883385,9.026975963052378,81.87257268814948,5.510653930933137,341.13571953395615,692.7679227458801,677.0231972289283,9.446835310171094,5.24824183898394,1.8893670620342184,0,0.05563136349322977,1.5534795843392464,0.37262517056785976,8.754067387425213,1.1861026556103704,1.4065288128476963,0.23827017948987092,57.835625065603026,0,52.4824183898394,36.947622546446944,0,24.141912459326125,0.06297890206780728,0.014695077149155035,0,0.3652776319932822,0.9740736853154195,1.1965991392883384,1.7424162905426681,0.9835205206255906,0.5185262936916134,0.4733914138763514,1.228088590322242,0.6990658129526609,1.3855358454917603,2.5191560827122914,Mixed
Unnamed: 17,,,,,,,,0.0,,,,,,,,,,,,,,,,,,,,,,,,,,,,,,,,,,,,,,,,,,0.0,0.0,0.0,0.0,0.0,0.0,0.0,0.0,0.0,0.0,0.0,0.0,0.0,0.0,0.0,0.0,0.0,0.0,0.0,0.0,0.0,0.0,0.0,0.0,0.0,0.0,0.0,0.0,0.0,0.0,0.0,0.0,0.0,0.0,0.0,0.0,0.0,0.0,0.0,0.0,0.0,0.0,0.0,Mixed
Unnamed: 18,,,,,,,,0.0,,,,,,,,,,,,,,,,,,,,,,,,,,,,,,,,,,,,,,,,,,0.0,0.0,0.0,0.0,0.0,0.0,0.0,0.0,0.0,0.0,0.0,0.0,0.0,0.0,0.0,0.0,0.0,0.0,0.0,0.0,0.0,0.0,0.0,0.0,0.0,0.0,0.0,0.0,0.0,0.0,0.0,0.0,0.0,0.0,0.0,0.0,0.0,0.0,0.0,0.0,0.0,0.0,0.0,Mixed
Unnamed: 19,,,,,,,,0.0,,,,,,,,,,,,,,,,,,,,,,,,,,,,,,,,,,,,,,,,,,0.0,0.0,0.0,0.0,0.0,0.0,0.0,0.0,0.0,0.0,0.0,0.0,0.0,0.0,0.0,0.0,0.0,0.0,0.0,0.0,0.0,0.0,0.0,0.0,0.0,0.0,0.0,0.0,0.0,0.0,0.0,0.0,0.0,0.0,0.0,0.0,0.0,0.0,0.0,0.0,0.0,0.0,0.0,Mixed
Unnamed: 20,,,,,,,,0.0,,,,,,,,,,,,,,,,,,,,,,,,,,,,,,,,,,,,,,,,,,0.0,0.0,0.0,0.0,0.0,0.0,0.0,0.0,0.0,0.0,0.0,0.0,0.0,0.0,0.0,0.0,0.0,0.0,0.0,0.0,0.0,0.0,0.0,0.0,0.0,0.0,0.0,0.0,0.0,0.0,0.0,0.0,0.0,0.0,0.0,0.0,0.0,0.0,0.0,0.0,0.0,0.0,0.0,Mixed
Unnamed: 21,,,,,,,,0.0,,,,,,,,,,,,,,,,,,,,,,,,,,,,,,,,,,,,,,,,,,0.0,0.0,0.0,0.0,0.0,0.0,0.0,0.0,0.0,0.0,0.0,0.0,0.0,0.0,0.0,0.0,0.0,0.0,0.0,0.0,0.0,0.0,0.0,0.0,0.0,0.0,0.0,0.0,0.0,0.0,0.0,0.0,0.0,0.0,0.0,0.0,0.0,0.0,0.0,0.0,0.0,0.0,0.0,Mixed
Unnamed: 22,,,,,,,,0.0,,,,,,,,,,,,,,,,,,,,,,,,,,,,,,,,,,,,,,,,,,0.0,0.0,0.0,0.0,0.0,0.0,0.0,0.0,0.0,0.0,0.0,0.0,0.0,0.0,0.0,0.0,0.0,0.0,0.0,0.0,0.0,0.0,0.0,0.0,0.0,0.0,0.0,0.0,0.0,0.0,0.0,0.0,0.0,0.0,0.0,0.0,0.0,0.0,0.0,0.0,0.0,0.0,0.0,Mixed
Unnamed: 23,,,,,,,,0.0,,,,,,,,,,,,,,,,,,,,,,,,,,,,,,,,,,,,,,,,,,0.0,0.0,0.0,0.0,0.0,0.0,0.0,0.0,0.0,0.0,0.0,0.0,0.0,0.0,0.0,0.0,0.0,0.0,0.0,0.0,0.0,0.0,0.0,0.0,0.0,0.0,0.0,0.0,0.0,0.0,0.0,0.0,0.0,0.0,0.0,0.0,0.0,0.0,0.0,0.0,0.0,0.0,0.0,Mixed
Unnamed: 24,,,,,,,,0.0,,,,,,,,,,,,,,,,,,,,,,,,,,,,,,,,,,,,,,,,,,0.0,0.0,0.0,0.0,0.0,0.0,0.0,0.0,0.0,0.0,0.0,0.0,0.0,0.0,0.0,0.0,0.0,0.0,0.0,0.0,0.0,0.0,0.0,0.0,0.0,0.0,0.0,0.0,0.0,0.0,0.0,0.0,0.0,0.0,0.0,0.0,0.0,0.0,0.0,0.0,0.0,0.0,0.0,Mixed
Unnamed: 25,,,,,,,,0.0,,,,,,,,,,,,,,,,,,,,,,,,,,,,,,,,,,,,,,,,,,0.0,0.0,0.0,0.0,0.0,0.0,0.0,0.0,0.0,0.0,0.0,0.0,0.0,0.0,0.0,0.0,0.0,0.0,0.0,0.0,0.0,0.0,0.0,0.0,0.0,0.0,0.0,0.0,0.0,0.0,0.0,0.0,0.0,0.0,0.0,0.0,0.0,0.0,0.0,0.0,0.0,0.0,0.0,Mixed
