Unnamed: 0,Unnamed: 1,Oyster canned,"Beef, 97%","Beef, 90%",Beef 80%,"sardine with bones, canned",salmon raw pink ,"Talipia, fish",turkey breast only,duck breast only,beef heart,whitefish raw,deer ground meat,quial meat with skin ,quial meat only,"egg white, raw","Beef tongue, raw","pork loin, lean bonless",pork shoulder lean,"pork loin, bonless",beef liver,chikcen liver,"chicken breast, meat only",Chicken thigh with skin ,"Chicken heart, raw","Chicken Gizzards, raw  ",beef kidney ,Beef Heart,ground lamb meat,Lamb liver,Lamb kidney,Lamb heart,"Ostrich, ground",Rabbit meat,Trout,"Shrimp, raw"
Water,,85.1,74.8,69.4,61.9,59.6,75.5,78.1,74.9,75.5,77.1,72.8,71.2,69.6,70,87.6,64.5,73.3,72.6,70.1,70.8,76.5,73.9,66.5,73.6,79.3,77.9,77.1,59.5,70.8,81,76.7,71.1,74.5,73.8,83
Energy,,68,121,176,254,208,127,96,114,123,112,134,157,192,134,52,224,132,148,166,135,119,120,221,153,94,99,112,282,136,84,122,165,114,141,71
Protein,,7.06,22,20,17.2,24.6,20.5,20.1,23.7,19.8,17.7,19.1,21.8,19.6,21.8,10.9,14.9,22.4,19.6,21.3,20.4,16.9,22.5,16.5,15.6,17.7,17.4,17.7,16.6,20.7,15.2,16.5,20.2,21.8,19.9,13.6
Total lipid (fat),,2.47,3,10,20,11.4,4.4,1.7,1.48,4.25,3.94,5.86,7.13,12,4.53,0.17,16.1,4.06,7.14,8.33,3.63,4.83,2.62,16.6,9.33,2.06,3.09,3.94,23.4,4.92,2.54,5.68,8.7,2.32,6.18,1.01
Ash,,1.42,1.07,0.98,0.84,3.38,1.52,0.93,1.04,1.33,1.1,1.12,0.88,0.9,1.32,0.63,0.8,1.01,1.02,0.97,1.31,1.06,1.13,0.81,0.85,0.95,1.33,1.1,0.87,1.36,1.19,0.93,0.73,1.12,1.21,1.86
"Carbohydrate, by difference",,3.91,0,0,0,0,0,0,0.14,0,0.14,0,0,0,0,0.73,3.68,0,0,0,3.89,0.73,0,0.25,0.71,0,0.29,0.14,0,2.22,0.03,0.21,0,0,0,0.91
"Fiber, total dietary",,0,0,0,0,0,0,0,0,0,0,0,0,0,0,0,0,0,0,0,0,0,0,0,0,0,0,0,0,0,0,0,0,0,0,0
Starch (CHO,,3.91,0,0,0,0,0,0,0.14,0,0.14,0,0,0,0,0.73,3.68,0,0,0,3.89,0.73,0,0.25,0.71,0,0.29,0.14,0,2.22,0.03,0.21,0,0,0,0.91
"Calcium, Ca",,45,8,12,18,382,7,10,11,3,7,26,11,13,13,7,6,5,14,7,5,8,5,7,12,11,13,7,16,4,8,6,7,12,25,54
"Iron, Fe",,6.7,2.44,2.24,1.94,2.92,0.38,0.56,0.73,4.51,4.31,0.37,2.92,3.97,4.51,0.08,2.95,0.54,1.22,0.53,4.9,8.99,0.37,0.68,5.96,2.49,4.6,4.31,1.55,4.6,6.6,4.6,2.91,3.2,0.31,0.21
"Magnesium, Mg",,54,22,20,17,39,27,27,28,22,21,33,21,23,25,11,16,26,21,24,18,19,28,18,15,15,17,21,21,18,16,17,20,29,25,22
"Phosphorus, P",,139,203,184,158,490,261,170,201,186,212,270,201,275,307,15,133,225,202,216,387,297,213,157,177,148,257,212,157,381,245,175,199,226,226,244
"Potassium, K",,229,357,321,270,397,366,302,242,268,287,317,330,216,237,163,315,374,341,358,313,230,334,204,176,237,262,287,222,285,231,316,291,378,377,113
"Sodium, Na",,112,66,66,66,307,75,52,113,57,98,51,75,53,51,166,69,49,76,47,69,71,45,81,74,69,182,98,59,59,168,89,72,50,51,566
"Zinc, Zn",,91,5.21,4.79,4.18,1.31,0.39,0.33,1.28,0.74,1.7,0.99,4.2,2.42,2.7,0.03,2.87,1.8,3.14,1.73,4,2.67,0.68,1.29,6.59,2.72,1.92,1.7,3.41,3.4,1.81,1.87,3.51,0,0.45,0.97
"Copper, Cu",,4.46,0.08,0.072,0.061,0.186,0.063,0.075,0.07,0.33,0.396,0.072,0.14,0.507,0.594,0.023,0.17,0.058,0.097,0.056,9.76,0.492,0.037,0.054,0.346,0.116,0.426,0.396,0.101,11.4,0.361,0.397,0.128,0,0.046,0.182
Iodine,,0.45,0,0,0,0,0,0,0,0,0,0,0,0,0,0,0,0,0,0,0,0,0,0,0,0,0,0,0,0,0,0,0,0,0,0
"Selenium, Se",,35.8,17.7,16.6,15,52.7,31.4,42,22.7,13.9,21.8,12.6,10,16.6,17.4,20,9.4,27.7,29.5,26.5,39.7,54.6,22.8,18.9,4.3,25.5,141,21.8,18.8,11.1,93.6,32,33,9.4,23.6,29.6
Thiamin,,0.15,0.041,0.042,0.043,0.08,0.08,0.08,0.042,0.416,0.238,0.14,0.547,0.244,0.283,0.004,0.125,0.443,0.884,0.426,0.189,0.305,0.094,0.073,0.152,0.028,0.357,0.238,0.11,1.21,0.413,0.37,0.182,0.03,0.12,0.02
Riboflavin,,0.166,0.151,0.151,0.151,0.227,0.105,0.105,0.145,0.31,0.906,0.12,0.287,0.26,0.285,0.439,0.34,0.187,0.314,0.181,2.76,1.78,0.177,0.145,0.728,0.231,2.84,0.906,0.21,4.21,1.28,0.99,0.267,0.06,0.09,0.015
Niacin,,1.24,5.66,5.07,4.23,5.24,8,8,9.92,3.44,7.53,3,5.7,7.54,8.2,0.105,4.24,5.74,4.28,5.57,13.2,9.73,9.6,4.62,4.88,3.68,8.03,7.53,5.96,13.7,8.43,6.14,4.38,6.5,5.57,1.78
Pantothenic acid,,0.18,0.673,0.601,0.498,0.642,1.03,1.03,0.775,0.77,1.79,0.75,0.69,0.772,0.787,0.19,0.653,0.745,0.822,0.722,7.17,6.23,1.5,0.19,2.56,0.631,3.97,1.79,0.65,5.57,3.21,2.63,1.08,0,1.67,0.31
Vitamin B-6,,0.095,0.401,0.369,0.323,0.167,0.611,0.611,0.813,0.63,0.279,0.3,0.464,0.6,0.53,0.005,0.31,0.755,0.415,0.718,1.08,0.853,0.811,0.347,0.36,0.112,0.665,0.279,0.13,0.218,0.173,0.39,0.475,0,0.34,0.161
"Folate, total",,9,4,6,7,10,4,4,7,25,3,15,4,8,7,4,7,0,5,0,290,588,9,3,72,5,98,3,18,0,0,2,7,0,11,19
"Choline, total",,81,72.8,66.1,56.4,75,94.6,94.6,61.3,0,0,65,87.9,0,0,1.1,0,59.5,0,57.3,333,194,82.1,45.7,0,1.21,0,0,69.3,0,0,0,0,0,65,80.9
Vitamin B-12,,19.1,2.26,2.21,2.14,8.94,4.15,4.15,0.63,0.76,8.55,1,1.87,0.43,0.47,0.09,3.79,0.51,0.84,0.54,59.3,16.6,0.21,0.62,7.29,64,27.5,8.55,2.31,59,50.4,10.2,4.61,0,4.3,1.11
"Vitamin A, IU",,300,14,14,14,108,117,117,20,53,0,120,0,243,57,0,0,0,6,5,16900,11100,30,78,30,0.33,1400,0,0,51400,204,0,0,0,280,180
Vitamin E (alpha-tocopherol),,0.85,0.17,0.17,0.17,2.04,0.4,0.4,0.06,0,0.22,0.2,0.45,0,0,0,0,0.13,0,0.12,0.38,0.7,0.56,0.21,0,0,0.22,0,0.2,0.86,0.42,0,0.24,0,2.34,1.32
"Vitamin D (D2 + D3), International Units",,1,3,3,3,193,435,124,5,0,0,478,0,0,0,0,0,16,0,21,49,0,1,3,0,0,45,0.22,2,0,5,0,0,0,635,2
PUFA 18:2,,0.049,0.154,0.263,0.42,3.54,0.081,0.158,0.2,0.51,0.395,0.272,0.225,2.3,0.93,0,0.58,0.349,0.62,0.913,0.299,0.475,0.319,3.1,1.91,0.246,0.292,0.395,1.36,0.204,0.166,0.24,0.777,0.36,0.492,0.095
PUFA 18:3,,0.037,0.032,0.046,0.065,0.498,0.047,0.033,0.009,0.07,0.016,0.183,0.104,0.42,0.02,0,0,0.013,0.03,0.041,0.016,0.012,0.013,0.162,0.07,0.003,0.013,0.016,0.42,0.147,0.05,0.13,0.056,0.09,0.067,0.006
PUFA 20:5 n-3 (EPA),,0.211,0,0,0,0.473,0.182,0.005,0,0,0,0.317,0,0.01,0.01,0,0,0,0,0,0,0,0.003,0.004,0,0,0,0,0,0.129,0.093,0.04,0,0,0.217,0.068
PUFA 22:6 n-3 (DHA),,0.228,0,0,0,0.509,0.333,0.086,0.003,0,0,0.941,0,0,0,0,0,0,0,0,0,0,0.004,0.007,0,0,0,0,0,0.163,0.036,0.03,0,0,0.516,0.07
Tryptophan,,0.079,0.112,0.102,0.087,0.276,0.221,0.221,0.252,0.276,0,0.214,0.192,0.288,0.341,0.125,0.114,0.236,0.248,0.225,0.263,0.176,0.283,0.167,0.199,0,0,0,0.193,0.229,0.168,0.178,0.18,0.288,0.234,0.155
Threonine,,0.304,0.851,0.775,0.665,1.08,1.07,1.07,0.859,0.848,0,0.837,0.818,0.945,1.09,0.449,0.648,1,0.893,0.958,0.869,0.725,1.01,0.735,0.704,0,0,0,0.709,0.987,0.726,0.777,0.887,0.975,0.915,0.54
Isoleucine,,0.307,0.972,0.885,0.759,1.13,0.954,0.954,0.678,1.02,0,0.88,0.929,1.01,1.19,0.661,0.641,1.1,0.915,1.05,0.967,0.813,1.1,0.731,0.833,0,0,0,0.799,0.927,0.681,0.714,0.961,1.03,0.962,0.627
Leucine,,0.497,1.72,1.56,1.34,2,1.56,1.56,1.64,1.68,0,1.55,1.64,1.61,1.87,1.02,1.11,1.91,1.57,1.82,1.91,1.51,1.86,1.32,1.36,0,0,0,1.29,1.6,1.18,1.4,1.64,1.7,1.7,1.16
Lysine,,0.528,1.82,1.66,1.42,2.26,1.76,1.76,1.95,1.7,0,1.75,1.76,1.64,1.9,0.806,1.15,2.08,1.76,1.98,1.61,1.33,2.16,1.45,1.3,0,0,0,1.46,1.81,1.33,1.24,1.78,1.91,1.92,1.3
Methionine,,0.159,0.566,0.515,0.442,0.729,0.577,0.577,0.619,0.537,0,0.565,0.505,0.591,0.689,0.399,0.315,0.617,0.518,0.588,0.543,0.432,0.585,0.438,0.376,0,0,0,0.425,0.675,0.496,0.361,0.565,0.545,0.618,0.397
Cystine,,0.093,0.226,0.206,0.177,0.264,0.159,0.159,0.223,0.305,0,0.205,0.202,0.34,0.38,0.287,0.195,0.258,0.249,0.246,0.376,0.272,0.236,0.183,0.211,0,0,0,0.198,0.271,0.199,0.138,0.208,0.274,0.224,0.162
Phenylalanine,,0.253,0.858,0.781,0.67,0.961,0.845,0.845,0.763,0.832,0,0.745,0.818,0.826,0.944,0.686,0.615,0.941,0.78,0.897,1.08,0.824,0.908,0.632,0.696,0,0,0,0.674,0.815,0.599,0.712,0.834,0.895,0.815,0.593
Tyrosine,,0.226,0.677,0.616,0.528,0.831,0.742,0.742,0.703,0.756,0,0.644,0.676,0.849,1.01,0.457,0.482,0.852,0.681,0.812,0.807,0.653,0.81,0.579,0.557,0,0,0,0.556,0.717,0.527,0.513,0.657,0.776,0.704,0.515
Valine,,0.308,1.08,0.983,0.844,1.27,1.1,1.1,0.756,1.04,0,0.983,1.05,1.03,1.18,0.809,0.713,1.17,1.06,1.12,1.26,0.998,1.16,0.764,0.88,0,0,0,0.893,1.05,0.775,0.819,0.998,1.11,1.08,0.637
Arginine,,0.515,1.43,1.3,1.12,1.47,1.29,1.29,1.34,1.27,0,1.14,1.29,1.28,1.38,0.648,0.949,1.49,1.22,1.42,1.24,1.09,1.52,1.16,0.997,0,0,0,0.984,1.39,1.02,1.08,1.38,1.35,1.25,1.34
,,,,,,,,,,,,,,,,,,,,,,,,,,,,,,,,,,,,
,,,,,,,,,,,,,,,,,,,,,,,,,,,,,,,,,,,,
,,,,,,,,,,,Organ meat,,,,,,Organ meat,Organ meat,,,Organ meat,Organ meat,,,Organ meat,Organ meat,Organ meat,Organ meat,Organ meat,Organ meat,Organ meat,Organ meat,,,,
,,group A,Group A,Group B,Group B,Group C,Group A,Group A,Group A,Group A,,Group C,Group C,Growp B,Group A,Group A,,Group A,Group C,Group C,,,Group A,Group B,,,,,Group B,,,,Group B,Group A,group C,group A
,,Oyster Canned ,"Beef, 97","Beef, 90",Beef 80,"sardine with bones, canned",salmon raw pink ,"Talipia, fish",turkey breast only,duck breast only,beef heart,whitefish raw,deer ground meat,quial meat with skin ,quial meat only,"egg white, raw","Beef tongue, raw","pork loin, lean bonless",pork shoulder lean,"pork loin, bonless",beef liver,chikcen liver,"chicken breast, meat only",Chicken thigh with skin ,"Chicken heart, raw","Chicken Gizzards, raw  ",beef kidney ,Beef heart,ground lamb meat,lamb liver,Lamb kidney,Lamb heart,"Ostrich, ground",Rabbit meat,Trout,"Shrimp, raw"
Water,g,85.1,74.8,69.4,61.9,59.6,75.5,78.1,74.9,75.5,77.1,72.8,71.2,69.6,70,87.6,64.5,73.3,72.6,70.1,70.8,76.5,73.9,66.5,73.6,79.3,77.9,77.1,59.5,70.8,81,76.7,71.1,74.5,73.8,83
Energy,kcal,456.3758389261743,480.1587301587301,575.1633986928106,666.6666666666666,514.8514851485148,518.3673469387755,438.3561643835615,454.18326693227107,502.0408163265306,489.0829694323143,492.64705882352933,545.1388888888889,631.5789473684209,446.6666666666667,419.3548387096772,630.9859154929577,494.3820224719101,540.1459854014598,555.1839464882942,462.3287671232876,506.3829787234043,459.7701149425288,659.7014925373135,579.5454545454544,454.10628019323667,447.96380090497746,489.0829694323143,696.2962962962963,465.75342465753425,442.1052631578948,523.6051502145924,570.9342560553632,447.05882352941177,538.1679389312976,417.64705882352945
Protein,g,47.38255033557045,87.30158730158729,65.35947712418302,45.14435695538057,60.891089108910904,83.6734693877551,91.7808219178082,94.42231075697212,80.81632653061224,77.29257641921396,70.22058823529412,75.69444444444446,64.4736842105263,72.66666666666667,87.90322580645157,41.971830985915496,83.8951310861423,71.53284671532846,71.23745819397992,69.86301369863013,71.91489361702126,86.20689655172416,49.25373134328358,59.09090909090907,85.50724637681158,78.73303167420815,77.29257641921396,40.98765432098766,70.8904109589041,80,70.81545064377683,69.89619377162629,85.49019607843138,75.95419847328243,80
Total lipid (fat),g,16.577181208053688,11.904761904761903,32.67973856209151,52.493438320209975,28.21782178217822,17.95918367346939,7.762557077625569,5.896414342629484,17.346938775510203,17.205240174672483,21.544117647058822,24.756944444444446,39.47368421052631,15.1,1.3709677419354833,45.35211267605634,15.205992509363291,26.058394160583937,27.859531772575245,12.431506849315067,20.5531914893617,10.038314176245214,49.552238805970156,35.340909090909086,9.951690821256037,13.981900452488691,17.205240174672483,57.77777777777777,16.849315068493148,13.368421052631579,24.37768240343348,30.103806228373692,9.098039215686274,23.587786259541982,5.9411764705882355
Ash,g,9.530201342281876,4.246031746031745,3.202614379084968,2.204724409448819,8.366336633663368,6.204081632653061,4.246575342465753,4.143426294820718,5.428571428571429,4.803493449781659,4.117647058823529,3.055555555555556,2.960526315789473,4.4,5.08064516129032,2.2535211267605635,3.782771535580524,3.7226277372262766,3.2441471571906346,4.486301369863013,4.510638297872341,4.329501915708813,2.4179104477611943,3.219696969696969,4.589371980676328,6.018099547511315,4.803493449781659,2.148148148148148,4.657534246575342,6.263157894736842,3.9914163090128763,2.5259515570934252,4.392156862745098,4.6183206106870225,10.941176470588236
CHO ,g,26.241610738255023,0,0,0,0,0,0,0.557768924302789,0,0.6113537117903929,0,0,0,0,5.887096774193545,10.366197183098592,0,0,0,13.321917808219178,3.1063829787234045,0,0.7462686567164178,2.6893939393939386,0,1.312217194570136,0.6113537117903929,0,7.602739726027396,0.15789473684210525,0.9012875536480688,0,0,0,5.352941176470588
"Fiber, total dietary",g,0,0,0,0,0,0,0,0,0,0,0,0,0,0,0,0,0,0,0,0,0,0,0,0,0,0,0,0,0,0,0,0,0,0,0
"Calcium, Ca",mg,302.01342281879187,31.746031746031743,39.21568627450981,47.24409448818898,945.5445544554456,28.57142857142857,45.66210045662099,43.824701195219134,12.244897959183673,30.567685589519645,95.58823529411764,38.19444444444445,42.763157894736835,43.333333333333336,56.45161290322578,16.901408450704224,18.726591760299623,51.0948905109489,23.41137123745819,17.123287671232877,34.04255319148936,19.157088122605366,20.8955223880597,45.454545454545446,53.14009661835748,58.82352941176472,30.567685589519645,39.50617283950617,13.698630136986301,42.10526315789473,25.751072961373396,24.221453287197228,47.05882352941176,95.41984732824427,317.6470588235294
"Iron, Fe",mg,44.96644295302012,9.682539682539682,7.320261437908498,5.091863517060367,7.227722772277227,1.5510204081632653,2.5570776255707757,2.908366533864543,18.408163265306122,18.82096069868995,1.3602941176470587,10.13888888888889,13.059210526315788,15.033333333333331,0.6451612903225804,8.309859154929578,2.0224719101123596,4.452554744525546,1.77257525083612,16.78082191780822,38.255319148936174,1.4176245210727971,2.029850746268657,22.57575757575757,12.028985507246375,20.814479638009054,18.82096069868995,3.8271604938271606,15.753424657534243,34.73684210526316,19.74248927038627,10.069204152249133,12.549019607843137,1.1832061068702289,1.2352941176470587
"Magnesium, Mg",mg,362.4161073825502,87.30158730158729,65.35947712418302,44.61942257217847,96.53465346534654,110.20408163265304,123.28767123287668,111.5537848605578,89.79591836734694,91.70305676855894,121.3235294117647,72.91666666666667,75.6578947368421,83.33333333333334,88.70967741935479,45.07042253521127,97.37827715355805,76.64233576642334,80.26755852842807,61.643835616438345,80.85106382978722,107.27969348659005,53.73134328358209,56.8181818181818,72.46376811594202,76.92307692307693,91.70305676855894,51.85185185185185,61.643835616438345,84.21052631578947,72.96137339055795,69.20415224913494,113.72549019607843,95.41984732824427,129.41176470588235
"Phosphorus, P",mg,932.8859060402682,805.5555555555555,601.3071895424838,414.69816272965875,1212.871287128713,1065.3061224489797,776.2557077625569,800.7968127490042,759.1836734693878,925.7641921397377,992.6470588235294,697.9166666666667,904.6052631578946,1023.3333333333333,120.96774193548382,374.6478873239437,842.696629213483,737.2262773722626,722.4080267558527,1325.3424657534244,1263.8297872340424,816.0919540229887,468.65671641791045,670.4545454545453,714.9758454106279,1162.8959276018102,925.7641921397377,387.65432098765433,1304.794520547945,1289.4736842105265,751.0729613733906,688.5813148788926,886.2745098039217,862.5954198473282,1435.2941176470588
"Potassium, K",mg,1536.9127516778517,1416.6666666666665,1049.0196078431375,708.6614173228346,982.6732673267328,1493.8775510204082,1378.995433789954,964.143426294821,1093.8775510204082,1253.2751091703053,1165.441176470588,1145.8333333333335,710.5263157894735,790,1314.5161290322574,887.3239436619718,1400.7490636704117,1244.5255474452551,1197.3244147157188,1071.917808219178,978.7234042553191,1279.6934865900387,608.955223880597,666.6666666666665,1144.9275362318838,1185.5203619909505,1253.2751091703053,548.1481481481482,976.0273972602739,1215.7894736842104,1356.2231759656654,1006.9204152249133,1482.3529411764707,1438.9312977099235,664.7058823529412
"Sodium, Na",mg,751.677852348993,261.90476190476187,215.68627450980395,173.22834645669292,759.90099009901,306.1224489795918,237.44292237442917,450.1992031872511,232.6530612244898,427.947598253275,187.49999999999997,260.4166666666667,174.34210526315786,170,1338.7096774193542,194.3661971830986,183.5205992509363,277.3722627737226,157.190635451505,236.3013698630137,302.1276595744681,172.4137931034483,241.79104477611938,280.30303030303025,333.3333333333333,823.5294117647062,427.947598253275,145.679012345679,202.05479452054794,884.2105263157896,381.9742489270387,249.13494809688578,196.078431372549,194.6564885496183,3329.4117647058824
"Zinc, Zn",mg,610.7382550335568,20.674603174603174,15.653594771241833,10.971128608923882,3.242574257425743,1.5918367346938775,1.506849315068493,5.0996015936255,3.0204081632653064,7.423580786026199,3.6397058823529407,14.583333333333334,7.960526315789472,9.000000000000002,0.2419354838709676,8.084507042253522,6.741573033707865,11.459854014598537,5.7859531772575234,13.698630136986301,11.361702127659575,2.60536398467433,3.8507462686567164,24.962121212121204,13.140096618357486,8.687782805429867,7.423580786026199,8.419753086419753,11.643835616438354,9.526315789473685,8.025751072961375,12.145328719723182,0,1.7175572519083966,5.705882352941177
"Copper, Cu",mg,29.93288590604026,0.31746031746031744,0.23529411764705885,0.1601049868766404,0.46039603960396036,0.2571428571428571,0.3424657534246574,0.2788844621513945,1.346938775510204,1.729257641921397,0.2647058823529411,0.4861111111111112,1.6677631578947365,1.9799999999999998,0.18548387096774185,0.47887323943661975,0.21722846441947566,0.35401459854014594,0.1872909698996655,33.42465753424657,2.0936170212765957,0.14176245210727972,0.16119402985074627,1.31060606060606,0.5603864734299516,1.9276018099547514,1.729257641921397,0.24938271604938272,39.04109589041095,1.9,1.7038626609442065,0.4429065743944636,0,0.17557251908396942,1.0705882352941176
Iodine,mg,3.0201342281879184,0,0,0,0,0,0,0,0,0,0,0,0,0,0,0,0,0,0,0,0,0,0,0,0,0,0,0,0,0,0,0,0,0,0
"Selenium, Se, ug",mg,0.2402684563758388,0.07023809523809522,0.05424836601307192,0.03937007874015747,0.13044554455445545,0.12816326530612243,0.19178082191780818,0.09043824701195222,0.05673469387755102,0.09519650655021832,0.0463235294117647,0.03472222222222223,0.05460526315789473,0.057999999999999996,0.1612903225806451,0.026478873239436623,0.10374531835205991,0.10766423357664232,0.08862876254180602,0.13595890410958905,0.2323404255319149,0.0873563218390805,0.056417910447761184,0.016287878787878785,0.12318840579710144,0.6380090497737558,0.09519650655021832,0.04641975308641976,0.03801369863013698,0.4926315789473683,0.13733905579399144,0.11418685121107264,0.03686274509803922,0.0900763358778626,0.17411764705882354
Thiamin,mg,1.0067114093959728,0.1626984126984127,0.13725490196078433,0.11286089238845144,0.19801980198019803,0.326530612244898,0.36529680365296796,0.1673306772908367,1.6979591836734693,1.0393013100436677,0.5147058823529411,1.8993055555555558,0.8026315789473681,0.9433333333333331,0.03225806451612902,0.35211267605633806,1.6591760299625467,3.226277372262773,1.4247491638795984,0.6472602739726027,1.297872340425532,0.36015325670498094,0.21791044776119403,0.5757575757575757,0.13526570048309178,1.6153846153846159,1.0393013100436677,0.2716049382716049,4.143835616438356,2.1736842105263157,1.5879828326180259,0.6297577854671279,0.1176470588235294,0.45801526717557245,0.11764705882352942
Riboflavin,mg,1.1140939597315431,0.5992063492063491,0.4934640522875818,0.3963254593175852,0.5618811881188119,0.4285714285714286,0.4794520547945204,0.5776892430278885,1.2653061224489794,3.956331877729257,0.4411764705882352,0.9965277777777778,0.8552631578947367,0.95,3.5403225806451597,0.9577464788732395,0.7003745318352059,1.1459854014598538,0.6053511705685618,9.452054794520546,7.574468085106383,0.6781609195402301,0.43283582089552236,2.757575757575757,1.115942028985507,12.850678733031677,3.956331877729257,0.5185185185185185,14.41780821917808,6.7368421052631575,4.24892703862661,0.9238754325259514,0.2352941176470588,0.34351145038167935,0.08823529411764705
Niacin,mg,8.32214765100671,22.46031746031746,16.568627450980397,11.10236220472441,12.970297029702971,32.6530612244898,36.5296803652968,39.52191235059762,14.040816326530612,32.882096069868986,11.02941176470588,19.791666666666668,24.802631578947366,27.333333333333332,0.8467741935483867,11.943661971830986,21.49812734082397,15.620437956204377,18.62876254180602,45.20547945205479,41.40425531914894,36.781609195402304,13.791044776119405,18.48484848484848,17.777777777777775,36.33484162895928,32.882096069868986,14.716049382716049,46.91780821917808,44.36842105263158,26.351931330472105,15.15570934256055,25.49019607843137,21.259541984732824,10.470588235294118
Pantothenic acid,mg,1.2080536912751672,2.6706349206349205,1.9640522875816995,1.3070866141732282,1.5891089108910892,4.204081632653062,4.703196347031962,3.087649402390439,3.1428571428571432,7.81659388646288,2.75735294117647,2.3958333333333335,2.5394736842105257,2.6233333333333335,1.5322580645161283,1.8394366197183099,2.7902621722846437,2.999999999999999,2.414715719063545,24.554794520547944,26.51063829787234,5.747126436781611,0.5671641791044777,9.696969696969695,3.048309178743961,17.963800904977383,7.81659388646288,1.6049382716049383,19.075342465753423,16.894736842105264,11.287553648068672,3.7370242214532867,0,6.374045801526716,1.8235294117647058
Vitamin B-6,mg,0.6375838926174494,1.5912698412698414,1.2058823529411766,0.847769028871391,0.4133663366336634,2.493877551020408,2.789954337899543,3.239043824701196,2.571428571428571,1.2183406113537116,1.102941176470588,1.6111111111111114,1.9736842105263153,1.7666666666666668,0.040322580645161275,0.8732394366197183,2.827715355805243,1.514598540145985,2.40133779264214,3.6986301369863015,3.6297872340425528,3.107279693486591,1.035820895522388,1.3636363636363633,0.5410628019323671,3.0090497737556574,1.2183406113537116,0.3209876543209877,0.7465753424657533,0.9105263157894736,1.6738197424892707,1.6435986159169544,0,1.297709923664122,0.9470588235294117
"Folate, total, ug",mg,0.06040268456375837,0.015873015873015872,0.0196078431372549,0.01837270341207349,0.024752475247524754,0.0163265306122449,0.018264840182648397,0.02788844621513945,0.10204081632653061,0.013100436681222705,0.0551470588235294,0.01388888888888889,0.026315789473684206,0.02333333333333333,0.03225806451612902,0.019718309859154928,0,0.01824817518248175,0,0.9931506849315067,2.502127659574468,0.03448275862068967,0.008955223880597014,0.27272727272727265,0.024154589371980673,0.44343891402714947,0.013100436681222705,0.044444444444444446,0,0,0.008583690987124465,0.024221453287197228,0,0.04198473282442748,0.11176470588235295
"Choline, total",mg,543.6241610738252,288.88888888888886,216.01307189542487,148.03149606299212,185.64356435643566,386.1224489795918,431.96347031963455,244.22310756972115,0,0,238.97058823529412,305.20833333333337,0,0,8.87096774193548,0,222.84644194756552,0,191.63879598662203,1140.4109589041095,825.531914893617,314.5593869731801,136.4179104477612,0,5.845410628019323,0,0,171.11111111111111,0,0,0,0,0,248.09160305343508,475.88235294117646
"Vitamin B-12, ug",mg,0.12818791946308722,0.008968253968253967,0.007222222222222224,0.005616797900262468,0.022128712871287128,0.01693877551020408,0.018949771689497713,0.002509960159362551,0.0031020408163265306,0.03733624454148471,0.0036764705882352936,0.006493055555555557,0.0014144736842105262,0.0015666666666666667,0.0007258064516129028,0.01067605633802817,0.0019101123595505617,0.0030656934306569337,0.0018060200668896318,0.20308219178082187,0.07063829787234042,0.0008045977011494254,0.0018507462686567161,0.027613636363636358,0.3091787439613526,0.12443438914027152,0.03733624454148471,0.005703703703703704,0.20205479452054795,0.2652631578947368,0.04377682403433476,0.015951557093425602,0,0.01641221374045801,0.006529411764705884
"Vitamin A, IU",IU,2013.4228187919455,55.55555555555555,45.75163398692811,36.74540682414698,267.3267326732673,477.5510204081633,534.2465753424656,79.68127490039842,216.3265306122449,0,441.17647058823525,0,799.3421052631578,190,0,0,0,21.897810218978098,16.72240802675585,57876.71232876712,47234.04255319149,114.9425287356322,232.8358208955224,113.6363636363636,1.5942028985507246,6334.841628959278,0,0,176027.39726027395,1073.6842105263158,0,0,0,1068.7022900763359,1058.8235294117646
Vitamin E (alpha-tocopherol),mg,5.704697986577179,0.6746031746031745,0.5555555555555557,0.4461942257217848,5.0495049504950495,1.6326530612244898,1.8264840182648396,0.23904382470119526,0,0.9606986899563316,0.7352941176470588,1.5625000000000004,0,0,0,0,0.48689138576779023,0,0.4013377926421403,1.3013698630136985,2.978723404255319,2.145593869731801,0.6268656716417911,0,0,0.9954751131221722,0,0.49382716049382713,2.9452054794520546,2.2105263157894735,0,0.8304498269896192,0,8.931297709923662,7.764705882352942
"Vitamin D (D2 + D3), International Units",IU,6.711409395973152,11.904761904761903,9.803921568627452,7.874015748031496,477.72277227722776,1775.5102040816325,566.2100456621002,19.920318725099605,0,0,1757.3529411764703,0,0,0,0,0,59.92509363295879,0,70.23411371237457,167.80821917808217,0,3.831417624521074,8.955223880597014,0,0,203.6199095022625,0.9606986899563316,4.938271604938271,0,26.31578947368421,0,0,0,2423.6641221374043,11.76470588235294
PUFA 18:2,g,0.3288590604026845,0.611111111111111,0.8594771241830067,1.1023622047244095,8.762376237623764,0.3306122448979592,0.7214611872146117,0.7968127490039842,2.0816326530612246,1.7248908296943228,1,0.7812500000000002,7.565789473684209,3.1000000000000005,0,1.6338028169014085,1.3071161048689135,2.2627737226277365,3.0535117056856182,1.023972602739726,2.0212765957446805,1.2222222222222225,9.253731343283581,7.234848484848483,1.188405797101449,1.321266968325792,1.7248908296943228,3.3580246913580245,0.6986301369863013,0.873684210526316,1.0300429184549356,2.6885813148788924,1.4117647058823528,1.8778625954198471,0.5588235294117647
PUFA 18:3,g,0.2483221476510066,0.12698412698412695,0.15032679738562094,0.17060367454068243,1.2326732673267327,0.19183673469387755,0.15068493150684928,0.03585657370517929,0.28571428571428575,0.06986899563318776,0.6727941176470588,0.36111111111111116,1.3815789473684206,0.06666666666666667,0,0,0.04868913857677902,0.10948905109489047,0.13712374581939796,0.0547945205479452,0.05106382978723404,0.04980842911877396,0.4835820895522388,0.26515151515151514,0.014492753623188406,0.05882352941176472,0.06986899563318776,1.037037037037037,0.5034246575342465,0.2631578947368421,0.5579399141630902,0.19377162629757783,0.3529411764705882,0.25572519083969464,0.03529411764705882
PUFA 20:5 n-3 (EPA),g,1.416107382550335,0,0,0,1.1707920792079207,0.7428571428571429,0.022831050228310498,0,0,0,1.165441176470588,0,0.032894736842105254,0.03333333333333333,0,0,0,0,0,0,0,0.01149425287356322,0.011940298507462687,0,0,0,0,0,0.44178082191780815,0.48947368421052634,0.1716738197424893,0,0,0.8282442748091602,0.4
PUFA 22:6 n-3 (DHA),g,1.5302013422818788,0,0,0,1.25990099009901,1.3591836734693878,0.3926940639269405,0.011952191235059764,0,0,3.4595588235294112,0,0,0,0,0,0,0,0,0,0,0.015325670498084296,0.020895522388059702,0,0,0,0,0,0.5582191780821918,0.1894736842105263,0.12875536480686695,0,0,1.9694656488549616,0.411764705882353
Tryptophan,g,0.530201342281879,0.4444444444444444,0.33333333333333337,0.22834645669291337,0.6831683168316832,0.9020408163265307,1.0091324200913239,1.0039840637450201,1.1265306122448981,0,0.7867647058823528,0.6666666666666667,0.9473684210526313,1.1366666666666667,1.0080645161290318,0.3211267605633803,0.8838951310861421,0.9051094890510947,0.7525083612040132,0.9006849315068493,0.7489361702127659,1.0842911877394639,0.4985074626865672,0.7537878787878787,0,0,0,0.47654320987654325,0.7842465753424658,0.8842105263157896,0.7639484978540773,0.6228373702422143,1.1294117647058823,0.8931297709923665,0.9117647058823529
Threonine,g,2.040268456375838,3.376984126984126,2.5326797385620923,1.7454068241469816,2.6732673267326734,4.36734693877551,4.885844748858446,3.422310756972112,3.461224489795918,0,3.0772058823529407,2.840277777777778,3.1085526315789465,3.6333333333333337,3.620967741935482,1.8253521126760566,3.7453183520599245,3.2591240875912404,3.2040133779264206,2.9760273972602738,3.0851063829787235,3.869731800766284,2.1940298507462686,2.6666666666666656,0,0,0,1.7506172839506173,3.3801369863013693,3.8210526315789473,3.334763948497855,3.0692041522491347,3.8235294117647056,3.4923664122137406,3.1764705882352944
Isoleucine,g,2.0604026845637575,3.8571428571428568,2.8921568627450984,1.9921259842519685,2.797029702970297,3.8938775510204082,4.356164383561643,2.7011952191235067,4.163265306122449,0,3.2352941176470584,3.225694444444445,3.322368421052631,3.9666666666666663,5.33064516129032,1.8056338028169014,4.119850187265917,3.33941605839416,3.511705685618729,3.311643835616438,3.459574468085106,4.214559386973182,2.182089552238806,3.15530303030303,0,0,0,1.9728395061728397,3.174657534246575,3.5842105263157897,3.0643776824034337,3.325259515570934,4.03921568627451,3.6717557251908395,3.688235294117647
Leucine,g,3.3355704697986566,6.825396825396825,5.098039215686276,3.5170603674540684,4.9504950495049505,6.36734693877551,7.123287671232875,6.533864541832671,6.857142857142858,0,5.698529411764706,5.694444444444445,5.296052631578947,6.233333333333333,8.225806451612899,3.126760563380282,7.153558052434455,5.729927007299269,6.086956521739129,6.541095890410959,6.425531914893617,7.126436781609197,3.940298507462687,5.1515151515151505,0,0,0,3.185185185185185,5.47945205479452,6.2105263157894735,6.008583690987125,5.674740484429065,6.666666666666667,6.488549618320611,6.8235294117647065
Lysine,g,3.5436241610738244,7.222222222222221,5.424836601307191,3.727034120734908,5.594059405940594,7.183673469387755,8.036529680365295,7.768924302788846,6.938775510204081,0,6.4338235294117645,6.111111111111112,5.394736842105262,6.333333333333332,6.499999999999997,3.2394366197183095,7.790262172284644,6.423357664233576,6.622073578595317,5.513698630136986,5.659574468085107,8.27586206896552,4.3283582089552235,4.924242424242423,0,0,0,3.6049382716049383,6.198630136986301,7.000000000000001,5.321888412017168,6.159169550173009,7.490196078431373,7.328244274809159,7.647058823529412
Methionine,g,1.0671140939597312,2.2460317460317456,1.6830065359477127,1.1601049868766404,1.8044554455445543,2.3551020408163263,2.634703196347031,2.466135458167331,2.1918367346938776,0,2.0772058823529407,1.7534722222222223,1.9440789473684206,2.296666666666667,3.21774193548387,0.8873239436619718,2.3108614232209734,1.890510948905109,1.9665551839464879,1.8595890410958902,1.8382978723404255,2.241379310344828,1.3074626865671644,1.4242424242424239,0,0,0,1.0493827160493827,2.3116438356164384,2.6105263157894734,1.5493562231759657,1.9550173010380618,2.1372549019607843,2.3587786259541983,2.335294117647059
Cystine,g,0.6241610738255031,0.8968253968253967,0.673202614379085,0.4645669291338582,0.6534653465346535,0.6489795918367347,0.7260273972602738,0.8884462151394424,1.2448979591836735,0,0.7536764705882352,0.701388888888889,1.1184210526315788,1.2666666666666666,2.314516129032257,0.5492957746478874,0.9662921348314606,0.9087591240875911,0.8227424749163877,1.2876712328767121,1.1574468085106382,0.9042145593869733,0.5462686567164179,0.799242424242424,0,0,0,0.4888888888888889,0.9280821917808219,1.0473684210526315,0.5922746781115881,0.7197231833910033,1.0745098039215688,0.8549618320610686,0.9529411764705884
Phenylalanine,g,1.6979865771812073,3.404761904761904,2.552287581699347,1.7585301837270342,2.378712871287129,3.4489795918367343,3.8584474885844737,3.0398406374501996,3.3959183673469386,0,2.738970588235294,2.840277777777778,2.717105263157894,3.1466666666666665,5.532258064516126,1.732394366197183,3.5243445692883886,2.8467153284671527,2.9999999999999996,3.6986301369863015,3.506382978723404,3.478927203065135,1.8865671641791044,2.636363636363636,0,0,0,1.6641975308641976,2.7910958904109586,3.152631578947368,3.055793991416309,2.8858131487889267,3.5098039215686274,3.1106870229007626,3.4882352941176467
Tyrosine,g,1.5167785234899323,2.6865079365079363,2.013071895424837,1.3858267716535433,2.056930693069307,3.0285714285714285,3.388127853881277,2.8007968127490046,3.085714285714286,0,2.367647058823529,2.3472222222222228,2.7927631578947363,3.3666666666666663,3.68548387096774,1.3577464788732394,3.191011235955056,2.485401459854014,2.71571906354515,2.7636986301369864,2.7787234042553193,3.10344827586207,1.7283582089552236,2.1098484848484844,0,0,0,1.3728395061728396,2.4554794520547945,2.773684210526316,2.201716738197425,2.2733564013840826,3.043137254901961,2.6870229007633584,3.0294117647058827
Valine,g,2.067114093959731,4.285714285714286,3.2124183006535953,2.215223097112861,3.1435643564356437,4.4897959183673475,5.02283105022831,3.0119521912350606,4.244897959183674,0,3.6139705882352935,3.6458333333333335,3.3881578947368416,3.933333333333333,6.524193548387094,2.008450704225352,4.382022471910112,3.8686131386861304,3.7458193979933108,4.315068493150685,4.2468085106382985,4.4444444444444455,2.280597014925373,3.3333333333333326,0,0,0,2.2049382716049384,3.595890410958904,4.078947368421053,3.515021459227468,3.453287197231833,4.352941176470589,4.122137404580153,3.7470588235294118
Arginine,g,3.4563758389261734,5.674603174603174,4.248366013071896,2.939632545931759,3.6386138613861383,5.26530612244898,5.890410958904108,5.338645418326695,5.183673469387755,0,4.191176470588235,4.479166666666668,4.210526315789473,4.6,5.2258064516129,2.6732394366197183,5.580524344569287,4.452554744525546,4.749163879598662,4.246575342465753,4.638297872340426,5.823754789272032,3.462686567164179,3.776515151515151,0,0,0,2.4296296296296296,4.7602739726027385,5.36842105263158,4.635193133047212,4.77508650519031,5.294117647058824,4.770992366412213,7.882352941176471
