"id","ingredient_name","group_name","water_g","energy_kcal","protein_g","fat_g","ash_g","cho_g","fiber_g","calcium_mg","iron_mg","phosphorus_mg","potassium_mg","sodium_mg","zinc_mg","copper_mg","iodine_mg","selenium_mg","thiamin_mg","riboflavin_mg","niacin_mg","pantothenic_acid_mg","vitamin_b6_mg","folate_ug","choline_mg","vitamin_b12_ug","vitamin_a_iu","vitamin_e_mg","vitamin_d_iu","pufa_18_2_g","pufa_18_3_g","pufa_20_5_g","pufa_22_6_g","tryptophan_g","threonine_g","isoleucine_g","leucine_g","lysine_g","methionine_g","cystine_g","phenylalanine_g","tyrosine_g","valine_g","arginine_g","magnesium_mg"
2,"Oyster Canned","Meat Group A","85.1","456.37582","47.38255","16.57718","9.530201","26.241611","0","302.01343","44.966442","932.885906","1536.912752","751.6778523","610.738255","29.93288591","3.020134228","0.240268456","1.006711409","1.11409396","8.322147651","1.208053691","0.637583893","0.060402685","543.6241611","0.128187919","2013.422819","5.704697987","6.711409396","0.32885906","0.248322148","1.416107383","1.530201342","0.530201342","2.040268456","2.060402685","3.33557047","3.543624161","1.067114094","0.624161074","1.697986577","1.516778523","2.067114094","3.456375839","362.4161074"
9,"Almond oil","Oil","0","884","0","100","0","0","0","0","0","0","0","0","0","0","0","0","0","0","0","0","0","0","0","0","0","39.2","0","17.4","0","0","0","0","0","0","0","0","0","0","0","0","0","0","0"
5,"Beef heart","Organ Meat","77.1","489.083","77.293","17.205","4.803","0.611","0","30.568","18.821","925.7641921","1253.275109","427.9475983","7.423580786","1.729257642","0","0.095196507","1.03930131","3.956331878","32.88209607","7.816593886","1.218340611","0.013100437","0","0.037336245","0","0.96069869","0","1.72489083","0.069868996","0","0","0","0","0","0","0","0","0","0","0","0","0","91.70305677"
12,"White rice","Grain A","12.9","413.318","7.589","0.666","0.666","91.045","0","10.333","0.918","123.9954076","98.73708381","1.148105626","1.331802526","0.126291619","0","0","0.080367394","0.05510907","1.836969001","1.538461538","0.166475316","0.010332951","0","0","0","0","0","0.14695752","0.030998852","0","0","0.088404133","0.270952928","0.327210103","0.626865672","0.274397245","0.177956372","0.154994259","0.405281286","0.253731343","0.462686567","0.6326062","40.1836969"
14,"Coconut oil","Oil","0","884","0","100","0","0","0","0","0","0","0","0","0","0","0","0","0","0","0","0","0","0","0","0","0","0.11","0","1.68","0.02","0","0","0","0","0","0","0","0","0","0","0","0","0","0"
13,"Psyllium husk","Fiber","0","0","0","0","2","0","78","184","8.6","111","967.0","74.0","0.29","0.0","0.0","0.0","0.0","0.0","0.0","0.0","0.0","0.0","0.0","0","0","0","0","0","0","0","0","0","0","0","0","0","0","0","0","0","0","0","23.9"
15,"Beef, 97","Meat Group A","74.8","480.15872","87.30159","11.904762","4.2460318","0","0","31.74603","9.68254","805.5555556","1416.666667","261.9047619","20.67460317","0.317460317","0","0.070238095","0.162698413","0.599206349","22.46031746","2.670634921","1.591269841","0.015873016","288.8888889","0.008968254","55.55555556","0.674603175","11.9047619","0.611111111","0.126984127","0","0","0.444444444","3.376984127","3.857142857","6.825396825","7.222222222","2.246031746","0.896825397","3.404761905","2.686507937","4.285714286","5.674603175","87.3015873"
16,"salmon raw pink","Meat Group A","75.5","518.3674","83.67347","17.959183","6.2040815","0","0","28.571428","1.5510204","1065.306122","1493.877551","306.122449","1.591836735","0.257142857","0","0.128163265","0.326530612","0.428571429","32.65306122","4.204081633","2.493877551","0.016326531","386.122449","0.016938776","477.5510204","1.632653061","1775.510204","0.330612245","0.191836735","0.742857143","1.359183673","0.902040816","4.367346939","3.893877551","6.367346939","7.183673469","2.355102041","0.648979592","3.448979592","3.028571429","4.489795918","5.265306122","110.2040816"
17,"Talipia, fish","Meat Group A","78.1","438.35617","91.78082","7.762557","4.2465754","0","0","45.6621","2.5570776","776.2557078","1378.995434","237.4429224","1.506849315","0.342465753","0","0.191780822","0.365296804","0.479452055","36.52968037","4.703196347","2.789954338","0.01826484","431.9634703","0.018949772","534.2465753","1.826484018","566.2100457","0.721461187","0.150684932","0.02283105","0.392694064","1.00913242","4.885844749","4.356164384","7.123287671","8.03652968","2.634703196","0.726027397","3.858447489","3.388127854","5.02283105","5.890410959","123.2876712"
18,"turkey breast only","Meat Group A","74.9","454.18326","94.42231","5.8964143","4.1434264","0.55776894","0","43.8247","2.9083664","800.7968127","964.1434263","450.1992032","5.099601594","0.278884462","0","0.090438247","0.167330677","0.577689243","39.52191235","3.087649402","3.239043825","0.027888446","244.2231076","0.00250996","79.6812749","0.239043825","19.92031873","0.796812749","0.035856574","0","0.011952191","1.003984064","3.422310757","2.701195219","6.533864542","7.768924303","2.466135458","0.888446215","3.039840637","2.800796813","3.011952191","5.338645418","111.5537849"
19,"duck breast only","Meat Group A","75.5","502.0408","80.81633","17.34694","5.428571","0","0","12.244898","18.408163","759.1836735","1093.877551","232.6530612","3.020408163","1.346938776","0","0.056734694","1.697959184","1.265306122","14.04081633","3.142857143","2.571428571","0.102040816","0","0.003102041","216.3265306","0","0","2.081632653","0.285714286","0","0","1.126530612","3.46122449","4.163265306","6.857142857","6.93877551","2.191836735","1.244897959","3.395918367","3.085714286","4.244897959","5.183673469","89.79591837"
20,"egg white, raw","Meat Group A","87.6","419.35483","87.90323","1.3709677","5.080645","5.887097","0","56.451614","0.6451613","120.9677419","1314.516129","1338.709677","0.241935484","0.185483871","0","0.161290323","0.032258065","3.540322581","0.846774194","1.532258065","0.040322581","0.032258065","8.870967742","0.000725806","0","0","0","0","0","0","0","1.008064516","3.620967742","5.330645161","8.225806452","6.5","3.217741935","2.314516129","5.532258065","3.685483871","6.524193548","5.225806452","88.70967742"
21,"quail meat only","Meat Group A","70","446.66666","72.666664","15.1","4.4","0","0","43.333332","15.033334","1023.333333","790","170","9","1.98","0","0.058","0.943333333","0.95","27.33333333","2.623333333","1.766666667","0.023333333","0","0.001566667","190","0","0","3.1","0.066666667","0.033333333","0","1.136666667","3.633333333","3.966666667","6.233333333","6.333333333","2.296666667","1.266666667","3.146666667","3.366666667","3.933333333","4.6","83.33333333"
22,"Rabbit meat","Meat Group A","74.5","447.05884","85.4902","9.09804","4.392157","0","0","47.058823","12.54902","886.2745098","1482.352941","196.0784314","0","0","0","0.036862745","0.117647059","0.235294118","25.49019608","0","0","0","0","0","0","0","0","1.411764706","0.352941176","0","0","1.129411765","3.823529412","4.039215686","6.666666667","7.490196078","2.137254902","1.074509804","3.509803922","3.043137255","4.352941176","5.294117647","113.7254902"
23,"Shrimp, raw","Meat Group A","83","417.64706","80","5.9411764","10.941176","5.352941","0","317.64706","1.2352941","1435.294118","664.7058824","3329.411765","5.705882353","1.070588235","0","0.174117647","0.117647059","0.088235294","10.47058824","1.823529412","0.947058824","0.111764706","475.8823529","0.006529412","1058.823529","7.764705882","11.76470588","0.558823529","0.035294118","0.4","0.411764706","0.911764706","3.176470588","3.688235294","6.823529412","7.647058824","2.335294118","0.952941176","3.488235294","3.029411765","3.747058824","7.882352941","129.4117647"
24,"Beef 80","Meat Group B","61.9","666.6667","45.144356","52.49344","2.2047243","0","0","47.244095","5.0918636","414.6981627","708.6614173","173.2283465","10.97112861","0.160104987","0","0.039370079","0.112860892","0.396325459","11.1023622","1.307086614","0.847769029","0.018372703","148.0314961","0.005616798","36.74540682","0.446194226","7.874015748","1.102362205","0.170603675","0","0","0.228346457","1.745406824","1.992125984","3.517060367","3.727034121","1.160104987","0.464566929","1.758530184","1.385826772","2.215223097","2.939632546","44.61942257"
25,"quail meat with skin","Meat Group B","69.6","631.5789","64.47369","39.473682","2.9605262","0","0","42.763157","13.059211","904.6052632","710.5263158","174.3421053","7.960526316","1.667763158","0","0.054605263","0.802631579","0.855263158","24.80263158","2.539473684","1.973684211","0.026315789","0","0.001414474","799.3421053","0","0","7.565789474","1.381578947","0.032894737","0","0.947368421","3.108552632","3.322368421","5.296052632","5.394736842","1.944078947","1.118421053","2.717105263","2.792763158","3.388157895","4.210526316","75.65789474"
26,"Chicken thigh with skin","Meat Group B","66.5","659.7015","49.25373","49.55224","2.4179103","0.74626863","0","20.895523","2.0298507","468.6567164","608.9552239","241.7910448","3.850746269","0.16119403","0","0.05641791","0.217910448","0.432835821","13.79104478","0.567164179","1.035820896","0.008955224","136.4179104","0.001850746","232.8358209","0.626865672","8.955223881","9.253731343","0.48358209","0.011940299","0.020895522","0.498507463","2.194029851","2.182089552","3.940298507","4.328358209","1.307462687","0.546268657","1.886567164","1.728358209","2.280597015","3.462686567","53.73134328"
27,"Ostrich, ground","Meat Group B","71.1","570.93427","69.896194","30.103806","2.5259516","0","0","24.221453","10.069204","688.5813149","1006.920415","249.1349481","12.14532872","0.442906574","0","0.114186851","0.629757785","0.923875433","15.15570934","3.737024221","1.643598616","0.024221453","0","0.015951557","0","0.830449827","0","2.688581315","0.193771626","0","0","0.62283737","3.069204152","3.325259516","5.674740484","6.15916955","1.955017301","0.719723183","2.885813149","2.273356401","3.453287197","4.775086505","69.20415225"
1,"Beef, 90","Meat Group B","69.4","575.1634","65.359474","32.679737","3.2026143","0","0","39.215687","7.3202615","601.3071895","1049.019608","215.6862745","15.65359477","0.235294118","0","0.054248366","0.137254902","0.493464052","16.56862745","1.964052288","1.205882353","0.019607843","216.0130719","0.007222222","45.75163399","0.555555556","9.803921569","0.859477124","0.150326797","0","0","0.333333333","2.532679739","2.892156863","5.098039216","5.424836601","1.683006536","0.673202614","2.552287582","2.013071895","3.212418301","4.248366013","65.35947712"
28,"sardine with bones, canned","Meat Group C","59.6","514.8515","60.89109","28.217821","8.366337","0","0","945.54456","7.2277226","1212.871287","982.6732673","759.9009901","3.242574257","0.46039604","0","0.130445545","0.198019802","0.561881188","12.97029703","1.589108911","0.413366337","0.024752475","185.6435644","0.022128713","267.3267327","5.04950495","477.7227723","8.762376238","1.232673267","1.170792079","1.25990099","0.683168317","2.673267327","2.797029703","4.95049505","5.594059406","1.804455446","0.653465347","2.378712871","2.056930693","3.143564356","3.638613861","96.53465347"
29,"whitefish raw","Meat Group C","72.8","492.64706","70.22059","21.544117","4.117647","0","0","95.588234","1.3602941","992.6470588","1165.441176","187.5","3.639705882","0.264705882","0","0.046323529","0.514705882","0.441176471","11.02941176","2.757352941","1.102941176","0.055147059","238.9705882","0.003676471","441.1764706","0.735294118","1757.352941","1","0.672794118","1.165441176","3.459558824","0.786764706","3.077205882","3.235294118","5.698529412","6.433823529","2.077205882","0.753676471","2.738970588","2.367647059","3.613970588","4.191176471","121.3235294"
30,"deer ground meat","Meat Group C","71.2","545.1389","75.69444","24.756945","3.0555556","0","0","38.194443","10.138889","697.9166667","1145.833333","260.4166667","14.58333333","0.486111111","0","0.034722222","1.899305556","0.996527778","19.79166667","2.395833333","1.611111111","0.013888889","305.2083333","0.006493056","0","1.5625","0","0.78125","0.361111111","0","0","0.666666667","2.840277778","3.225694444","5.694444444","6.111111111","1.753472222","0.701388889","2.840277778","2.347222222","3.645833333","4.479166667","72.91666667"
39,"Brown rice, raw","Grain A","11.8","416.09976","8.548753","3.6281178","1.3718821","82.31293","4.0816326","10.204082","1.4625851","352.6077098","283.446712","5.66893424","2.414965986","0.342403628","0","0.019387755","0.613378685","0.107709751","7.358276644","1.201814059","0.540816327","0.026077098","24.37641723","0","0","0.680272109","0","1.097505669","0.036281179","0","0","0.114512472","0.329931973","0.380952381","0.744897959","0.343537415","0.202947846","0.108843537","0.464852608","0.337868481","0.528344671","0.682539683","131.5192744"
40,"Sorghum raw","Grain A","12.4","375.57077","12.100456","3.9497716","1.6324201","74.65753","7.6484017","14.840182","3.8356164","329.9086758","414.3835616","2.283105023","1.906392694","0.324200913","0","0.013926941","0.378995434","0.109589041","4.212328767","0.418949772","0.505707763","0.02283105","0","0","0","0.570776256","0","1.700913242","0.074200913","0","0","0.141552511","0.394977169","0.494292237","1.700913242","0.261415525","0.192922374","0.144977169","0.623287671","0.366438356","0.640410959","0.405251142","188.3561644"
41,"Quinoa, raw","Grain A","13.3","424.45215","16.262976","7.0011535","2.745098","65.974625","8.073818","54.20992","5.2710495","527.1049596","649.3656286","5.767012687","3.575547866","0.680507497","0","0.009803922","0.415224913","0.366782007","1.753171857","0.890426759","0.561707036","0.212226067","80.96885813","0","16.14763552","2.814302191","0","3.437139562","0.29988466","0","0.054209919","0.192618224","0.485582468","0.581314879","0.968858131","0.883506344","0.356401384","0.234140715","0.683967705","0.307958478","0.685121107","1.257208766","227.2202999"
42,"Tapioca, pearl dry","Grain A","11","402.2472","0.21348314","0.02247191","0.123595506","98.65169","1.011236","22.47191","1.775281","7.865168539","12.35955056","1.123595506","0.134831461","0.02247191","0","0.000898876","0.004494382","0","0","0.151685393","0.008988764","0.004494382","1.348314607","0","0","0","0","0.002247191","0.001123596","0","0","0.003370787","0.004494382","0.004494382","0.006741573","0.006741573","0.002247191","0.004494382","0.004494382","0.002247191","0.005617978","0.021348315","1.123595506"
43,"Millet raw","Grain A","8.67","413.88373","12.044235","4.6206064","3.5585241","70.40403","9.306909","8.759444","3.2957406","312.0551845","213.511442","5.47465236","1.839483193","0.821197854","0","0.002956312","0.460965729","0.317529837","5.168071827","0.92850104","0.420453301","0.09306909","0","0","0","0.054746524","0","2.211759553","0.129201796","0","0","0.130296726","0.386510457","0.509142669","1.532902661","0.23212526","0.241979634","0.23212526","0.635059674","0.37227636","0.632869813","0.41826344","124.8220738"
44,"Rye grain","Grain B","10.6","378.07605","11.521253","1.8232663","1.7561522","68.00895","16.89038","26.845638","2.9418344","371.3646532","570.4697987","2.237136465","2.964205817","0.410514541","0","0.015548098","0.353467562","0.280760626","4.776286353","1.63310962","0.32885906","0.042505593","34.00447427","0","12.30425056","0.950782998","0","0.737136465","0.120805369","0","0","0.120805369","0.323266219","0.232662192","0.629753915","0.319910515","0.17114094","0","0.476294755","0.218986094","0.34709296","0.497098434","123.0425056"
45,"oat, raw","Grain B","6.55","263.24237","18.512573","7.5227394","3.092563","54.360622","16.4794","62.065277","5.789192","785.446763","605.6714821","4.280363831","3.327982879","0.431246656","0","0.048368111","1.252006421","0.235420011","0.999464955","1.594435527","0.176565008","0.05564473","34.45692884","0","0","1.080791867","0","2.825040128","0.129481006","0","0","0.358480471","0.537185661","0.71482076","1.466024612","0.813269128","0.358480471","0.616372392","0.97164259","0.71482076","1.031567683","1.369716426","251.4713751"
46,"barley, pearl, raw","Grain B","10.1","391.54617","11.023359","1.2903225","1.2347052","69.07675","17.352613","32.258064","2.7808676","245.8286986","311.4571746","10.01112347","2.369299221","0.467185762","0","0.041935484","0.212458287","0.126807564","5.11679644","0.313681869","0.289210234","0.025583982","42.04671858","0","24.47163515","0.022246941","0","0.561735261","0.061179088","0","0","0.183537264","0.374860957","0.402669633","0.748609566","0.410456062","0.21134594","0.243604004","0.618464961","0.315906563","0.540600667","0.551724138","87.87541713"
47,"Pumpkin, raw","Vegetable A","91.6","309.5238","11.904762","1.1904762","9.523809","71.42857","5.952381","250","9.523809","523.8095238","4047.619048","11.9047619","3.80952381","1.511904762","0","0.003571429","0.595238095","1.30952381","7.142857143","3.547619048","0.726190476","0.19047619","97.61904762","0","101309.5238","12.61904762","0","0.023809524","0.035714286","0","0","0.142857143","0.345238095","0.369047619","0.547619048","0.642857143","0.130952381","0.035714286","0.380952381","0.5","0.416666667","0.642857143","142.8571429"
48,"carrots, raw","Vegetable A","88.3","350.42734","7.948718","2.0512822","8.290598","57.94872","23.931623","282.05127","2.5641026","299.1452991","2735.042735","589.7435897","2.051282051","0.384615385","0","0.000854701","0.564102564","0.495726496","8.401709402","2.333333333","1.179487179","0.162393162","75.21367521","0","142735.0427","5.641025641","0","0.854700855","0.017094017","0","0","0.102564103","1.632478632","0.658119658","0.871794872","0.863247863","0.170940171","0.709401709","0.521367521","0.367521368","0.58974359","0.777777778","102.5641026"
31,"pork shoulder lean","Meat Group C","72.6","540.146","71.532845","26.058393","3.7226276","0","0","51.09489","4.4525547","737.2262774","1244.525547","277.3722628","11.45985401","0.354014599","0","0.107664234","3.226277372","1.145985401","15.62043796","3","1.51459854","0.018248175","0","0.003065693","21.89781022","0","0","2.262773723","0.109489051","0","0","0.905109489","3.259124088","3.339416058","5.729927007","6.423357664","1.890510949","0.908759124","2.846715328","2.48540146","3.868613139","4.452554745","76.64233577"
32,"pork loin, boneless","Meat Group C","70.1","555.18396","71.23746","27.859531","3.244147","0","0","23.411371","1.7725753","722.4080268","1197.324415","157.1906355","5.785953177","0.18729097","0","0.088628763","1.424749164","0.605351171","18.62876254","2.414715719","2.401337793","0","191.638796","0.00180602","16.72240803","0.401337793","70.23411371","3.053511706","0.137123746","0","0","0.752508361","3.204013378","3.511705686","6.086956522","6.622073579","1.966555184","0.822742475","3","2.715719064","3.745819398","4.74916388","80.26755853"
33,"Trout","Meat Group C","73.8","538.16797","75.9542","23.587786","4.6183205","0","0","95.419846","1.1832061","862.5954198","1438.931298","194.6564885","1.717557252","0.175572519","0","0.090076336","0.458015267","0.34351145","21.25954198","6.374045802","1.297709924","0.041984733","248.0916031","0.016412214","1068.70229","8.93129771","2423.664122","1.877862595","0.255725191","0.828244275","1.969465649","0.893129771","3.492366412","3.671755725","6.488549618","7.328244275","2.358778626","0.854961832","3.110687023","2.687022901","4.122137405","4.770992366","95.41984733"
49,"Green peas, raw","Vegetable B","78.9","383.88626","25.687204","1.8957345","4.123223","41.232227","27.014217","118.48341","6.9668245","511.8483412","1156.398104","23.69668246","5.876777251","0.834123223","0","0.008530806","1.260663507","0.625592417","9.90521327","0.492890995","0.800947867","0.308056872","134.5971564","0","3625.592417","0.616113744","0","0.720379147","0.165876777","0","0","0.17535545","0.962085308","0.924170616","1.530805687","1.502369668","0.388625592","0.151658768","0.947867299","0.54028436","1.113744076","2.028436019","156.3981043"
50,"Green beans, raw","Vegetable B","90.3","319.58762","18.86598","2.2680411","6.804124","44.02062","27.835052","381.4433","10.618557","391.7525773","2175.257732","61.8556701","2.474226804","0.711340206","0","0.006185567","0.845360825","1.072164948","7.567010309","2.319587629","1.453608247","0.340206186","157.7319588","0","7113.402062","4.226804124","0","0.453608247","0.711340206","0","0","0.195876289","0.81443299","0.680412371","1.154639175","0.907216495","0.226804124","0.18556701","0.690721649","0.432989691","0.927835052","0.75257732","257.7319588"
51,"Sweet potatoes, raw","Vegetable C","77.3","378.8546","6.9162993","0.22026432","4.3612337","75.3304","13.215859","132.15858","2.6872246","207.0484581","1484.581498","242.2907489","1.321585903","0.665198238","0","0.002643172","0.343612335","0.268722467","2.453744493","3.524229075","0.920704846","0.04845815","54.18502203","0","62555.06608","1.145374449","0","0.057268722","0.004405286","0","0","0.136563877","0.365638767","0.242290749","0.405286344","0.290748899","0.127753304","0.0969163","0.392070485","0.149779736","0.378854626","0.242290749","110.1321586"
52,"Potatoes raw, skin","Vegetable C","83.3","347.3054","15.389221","0.5988024","9.640718","59.281437","14.97006","179.64072","19.401197","227.5449102","2473.053892","59.88023952","2.095808383","2.532934132","0","0.001796407","0.125748503","0.22754491","6.167664671","1.808383234","1.431137725","0.101796407","0","0","0","0","0","0.191616766","0.05988024","0","0","0","0","0","0","0","0","0","0","0","0","0","137.7245509"
53,"Celery, raw","Vegetable B","95.4","304.34784","15","3.6956522","16.304348","29.782608","34.782608","869.56525","4.347826","521.7391304","5652.173913","1739.130435","2.826086957","0.760869565","0","0.008695652","0.456521739","1.239130435","6.956521739","5.347826087","1.608695652","0.782608696","132.6086957","0","9760.869565","5.869565217","0","1.717391304","0","0","0","0.195652174","0.434782609","0.456521739","0.695652174","0.586956522","0.108695652","0.086956522","0.434782609","0.195652174","0.586956522","0.434782609","239.1304348"
57,"sunflower oil","Oil","0","884","0","100","0","0","0","0","0","0","0","0","0","0","0","0","0","0","0","0","0","0","0","0","41.1","0","65.7","0","0","0","0","0","0","0","0","0","0","0","0","0","0","0","0"
58,"flaxseed oil","Oil","0","884","0","100","0","0","0","0","0","0","0","0","0","0","0","0","0","0","0","0","0","0","0","0","0.47","0","14.3","54.3","0","0","0","0","0","0","0","0","0","0","0","0","0","0","0"
62,"strawberry","Fruit","91","355.55554","7.4444447","3.3333333","4.4444447","63.11111","22.222221","177.77777","4.5555553","266.6666667","1700","11.11111111","1.555555556","0.533333333","0","0.004444444","0.266666667","0.244444444","4.288888889","1.388888889","0.522222222","0.266666667","63.33333333","0","133.3333333","3.222222222","0","1","0.722222222","0","0","0.088888889","0.222222222","0.177777778","0.377777778","0.288888889","0.022222222","0.066666667","0.211111111","0.244444444","0.211111111","0.311111111","144.4444444"
63,"cranberries, raw","Fruit","87.3","362.2047","3.6220472","1.023622","0.9448819","66.14173","28.346457","62.992126","1.8110236","86.61417323","629.9212598","15.7480315","0.708661417","0.440944882","0","0.000787402","0.094488189","0.157480315","0.795275591","2.322834646","0.448818898","0.007874016","43.30708661","0","496.0629921","10.39370079","0","0.25984252","0.173228346","0","0","0.023622047","0.220472441","0.25984252","0.417322835","0.307086614","0.023622047","0.023622047","0.283464567","0.251968504","0.354330709","0.440944882","47.24409449"
64,"Banana","Fruit","74.9","354.58167","4.3426294","1.314741","3.2669322","80.47809","10.358565","19.920319","1.0358566","87.64940239","1426.294821","3.984063745","0.597609562","0.310756972","0","0.003984064","0.123505976","0.290836653","2.64940239","1.330677291","1.462151394","0.079681275","39.0438247","0","0","254.9800797","0.398406375","0.183266932","0.107569721","0","0","0.035856574","0.111553785","0.111553785","0.270916335","0.199203187","0.03187251","0.035856574","0.195219124","0.035856574","0.187250996","0.195219124","107.5697211"
65,"Mangos","Fruit","83.5","363.63635","4.969697","2.3030303","2.1818182","81.21212","9.69697","66.666664","0.969697","84.84848485","1018.181818","6.060606061","0.545454545","0.672727273","0","0.003636364","0.16969697","0.23030303","4.054545455","1.193939394","0.721212121","0.260606061","46.06060606","0","6545.454545","5.454545455","0","0.115151515","0.309090909","0","0","0.078787879","0.187878788","0.175757576","0.303030303","0.4","0.048484848","0","0.163636364","0.096969697","0.254545455","0.187878788","60.60606061"
66,"Pineapple, raw","Fruit","86","357.14285","3.857143","0.85714287","1.5714285","83.57143","10","92.85714","2.0714285","57.14285714","778.5714286","7.142857143","0.857142857","0.785714286","0","0.000714286","0.564285714","0.228571429","3.571428571","1.521428571","0.8","0.128571429","39.28571429","0","414.2857143","0.142857143","0","0.164285714","0.121428571","0","0","0.035714286","0.135714286","0.135714286","0.171428571","0.185714286","0.085714286","0.1","0.15","0.135714286","0.171428571","0.135714286","85.71428571"
6,"Wheat","Grain B","12.4","378.995","10.97","2.226","1.747","70.091","14.954","37.671","4.235","368.721","449.7716895","3.424657534","3.378995434","0.542237443","0","0.014497717","0.339041096","0.214611872","6.107305936","1.152968037","0.21803653","0.03196347","35.61643836","0.010273973","0.605022831","0","0","0","0","0","0","0","0","0","0","0","0","0","0","0","0","0","133.5616438"
7,"Zucchini","Vegetable A","94.8","326.923","23.269","6.154","11.154","40.577","19.231","307.692","7.115","730.7692308","5019.230769","153.8461538","6.153846154","1.019230769","0","0.003846154","0.865384615","1.807692308","8.673076923","3.923076923","3.134615385","0.461538462","182.6923077","0","3846.153846","2.307692308","0","0.576923077","1.173076923","0","0","0.192307692","0.557692308","0.846153846","1.365384615","1.288461538","0.346153846","0.230769231","0.826923077","0.615384615","1.038461538","0.980769231","346.1538462"
8,"Spinach","Vegetable A","91.4","267.442","33.256","4.535","20","16.628","25.581","1151.163","31.512","569.7674419","6488.372093","918.6046512","6.162790698","1.511627907","0","0.011627907","0.906976744","2.197674419","8.418604651","0.755813953","2.26744186","2.255813953","224.4186047","0","109069.7674","23.60465116","0","0.302325581","1.604651163","0","0","0.453488372","1.418604651","1.709302326","2.593023256","2.023255814","0.61627907","0.406976744","1.5","1.255813953","1.872093023","1.88372093","918.6046512"
10,"Apple","Fruit","85.6","361.111","1.806","1.181","1.319","79.167","16.667","41.667","0.833","76.38888889","743.0555556","6.944444444","0.277777778","0.1875","0","0","0.118055556","0.180555556","0.631944444","0.423611111","0.284722222","0.020833333","23.61111111","0","375","1.25","0","0.298611111","0.0625","0","0","0.006944444","0.041666667","0.041666667","0.090277778","0.083333333","0.006944444","0.006944444","0.041666667","0.006944444","0.083333333","0.041666667","34.72222222"
11,"Blueberry","Fruit","84.2","360.759","4.684","2.089","1.519","76.582","15.19","37.975","1.772","75.94936709","487.3417722","6.329113924","1.012658228","0.360759494","0","0.000632911","0.234177215","0.259493671","2.64556962","0.784810127","0.329113924","0.037974684","37.97468354","0","341.7721519","3.607594937","0","0.556962025","0.367088608","0","0","0.018987342","0.126582278","0.14556962","0.278481013","0.082278481","0.075949367","0.050632911","0.164556962","0.056962025","0.196202532","0.234177215","37.97468354"
3,"Deer meat","Meat Group C","71.2","545.139","75.694","24.757","3.056","0","0","38.194","10.139","697.917","1145.833","260.417","14.583","0.486","0.0","0.035","1.899","0.997","19.792","2.396","1.611","0.014","305.208","0.006493056","0","1.5625","0","0.78125","0.361111111","0","0","0.666666667","2.840277778","3.225694444","5.694444444","6.111111111","1.753472222","0.701388889","2.840277778","2.347222222","3.645833333","4.479166667","72.917"
4,"Beef liver","Organ Meat","70.8","462.329","69.863","12.432","4.486","13.322","0","17.123","16.781","1325.342466","1071.917808","236.3013699","13.69863014","33.42465753","0","0.135958904","0.647260274","9.452054795","45.20547945","24.55479452","3.698630137","0.993150685","1140.410959","0.203082192","57876.71233","1.301369863","167.8082192","1.023972603","0.054794521","0","0","0.900684932","2.976027397","3.311643836","6.54109589","5.51369863","1.859589041","1.287671233","3.698630137","2.76369863","4.315068493","4.246575342","61.64383562"
34,"Beef tongue, raw","Organ Meat","64.5","630.9859","41.971832","45.35211","2.2535212","10.366198","0","16.90141","8.309859","374.6478873","887.3239437","194.3661972","8.084507042","0.478873239","0","0.026478873","0.352112676","0.957746479","11.94366197","1.83943662","0.873239437","0.01971831","0","0.010676056","0","0","0","1.633802817","0","0","0","0.321126761","1.825352113","1.805633803","3.126760563","3.23943662","0.887323944","0.549295775","1.732394366","1.357746479","2.008450704","2.673239437","45.07042254"
59,"salmon oil","Oil","0","902","0","100","0","0","0","0","0","0","0","0","0","0","0","0","0","0","0","0","0","0","0","0","0","1.54","1.06","13","18.2","0","0","0","0","0","0","0","0","0","0","0","0","0","0"
60,"avocado oil","Oil","0","884","0","100","0","0","0","0","0","0","0","0","0","0","0","0","0","0","0","0","0","0","0","0","0","12.5","0.97","0","0","0","0","0","0","0","0","0","0","0","0","0","0","0","0"
35,"chicken liver","Organ Meat","76.5","506.38297","71.914894","20.553192","4.510638","3.106383","0","34.042553","38.255318","1263.829787","978.7234043","302.1276596","11.36170213","2.093617021","0","0.232340426","1.29787234","7.574468085","41.40425532","26.5106383","3.629787234","2.50212766","825.5319149","0.070638298","47234.04255","2.978723404","0","2.021276596","0.05106383","0","0","0.74893617","3.085106383","3.459574468","6.425531915","5.659574468","1.838297872","1.157446809","3.506382979","2.778723404","4.246808511","4.638297872","80.85106383"
36,"Chicken heart, raw","Organ Meat","73.6","579.5455","59.090908","35.340908","3.219697","2.689394","0","45.454544","22.575758","670.4545455","666.6666667","280.3030303","24.96212121","1.310606061","0","0.016287879","0.575757576","2.757575758","18.48484848","9.696969697","1.363636364","0.272727273","0","0.027613636","113.6363636","0","0","7.234848485","0.265151515","0","0","0.753787879","2.666666667","3.15530303","5.151515152","4.924242424","1.424242424","0.799242424","2.636363636","2.109848485","3.333333333","3.776515152","56.81818182"
37,"Chicken Gizzards, raw","Organ Meat","79.3","454.1063","85.50725","9.951691","4.589372","0","0","53.140095","12.028986","714.9758454","1144.927536","333.3333333","13.14009662","0.560386473","0","0.123188406","0.1352657","1.115942029","17.77777778","3.048309179","0.541062802","0.024154589","5.845410628","0.309178744","1.594202899","0","0","1.188405797","0.014492754","0","0","0","0","0","0","0","0","0","0","0","0","0","72.46376812"
38,"beef kidney","Organ Meat","77.9","447.9638","78.73303","13.9819","6.0181","1.3122172","0","58.82353","20.81448","1162.895928","1185.520362","823.5294118","8.687782805","1.92760181","0","0.63800905","1.615384615","12.85067873","36.33484163","17.9638009","3.009049774","0.443438914","0","0.124434389","6334.841629","0.995475113","203.6199095","1.321266968","0.058823529","0","0","0","0","0","0","0","0","0","0","0","0","0","76.92307692"
67,"chicken breast, meat only","Meat Group A","73.9","459.7701","86.206894","10.038314","4.329502","0","0","19.157087","1.4176245","816.091954","1279.693487","172.4137931","2.605363985","0.141762452","0","0.087356322","0.360153257","0.67816092","36.7816092","5.747126437","3.107279693","0.034482759","314.559387","0.000804598","114.9425287","2.14559387","3.831417625","1.222222222","0.049808429","0.011494253","0.01532567","1.084291188","3.869731801","4.214559387","7.126436782","8.275862069","2.24137931","0.904214559","3.478927203","3.103448276","4.444444444","5.823754789","107.2796935"
